"ciudad","periodo","año","mes","orden","semestre","apertura","rubro","mediana","mediapodada","cantidad_precios","ponderadorImplicito","variacion","incidencia","variacion_anual","incidencia_anual"
"Conurbano","2011-7",2011,7,1,"2011-IIS","CBA","total",369.96,372.54,6640,0.99,,,,
"Conurbano","2011-7",2011,7,100,"2011-IIS","Almacén","Almacén",169.68,167.35,4439,0.45,,,,
"Conurbano","2011-7",2011,7,120,"2011-IIS","Almacén-ConHarina","Almacén",73.19,72.38,815,0.19,,,,
"Conurbano","2011-7",2011,7,130,"2011-IIS","Almacén-SinHarina","Almacén",96.49,94.97,3624,0.25,,,,
"Conurbano","2011-7",2011,7,200,"2011-IIS","Verdulería","Verdulería",51.36,53.16,1381,0.13,,,,
"Conurbano","2011-7",2011,7,300,"2011-IIS","Carnicería","Carnicería",148.91,152.03,820,0.40,,,,
"Conurbano","2011-8",2011,8,1,"2011-IIS","CBA","total",374.65,382.50,6427,0.99,1.26,1.26,,
"Conurbano","2011-8",2011,8,100,"2011-IIS","Almacén","Almacén",167.59,172.50,4225,0.44,-1.22,-0.56,,
"Conurbano","2011-8",2011,8,120,"2011-IIS","Almacén-ConHarina","Almacén",69.75,74.10,791,0.18,-4.69,-0.92,,
"Conurbano","2011-8",2011,8,130,"2011-IIS","Almacén-SinHarina","Almacén",97.84,98.39,3434,0.26,1.40,0.36,,
"Conurbano","2011-8",2011,8,200,"2011-IIS","Verdulería","Verdulería",52.82,55.57,1373,0.14,2.83,0.39,,
"Conurbano","2011-8",2011,8,300,"2011-IIS","Carnicería","Carnicería",154.23,154.43,829,0.41,3.57,1.42,,
"Conurbano","2011-9",2011,9,1,"2011-IIS","CBA","total",396.98,399.86,5421,1.00,5.96,5.93,,
"Conurbano","2011-9",2011,9,100,"2011-IIS","Almacén","Almacén",178.99,180.38,4291,0.45,6.80,3.03,,
"Conurbano","2011-9",2011,9,120,"2011-IIS","Almacén-ConHarina","Almacén",76.46,77.71,795,0.19,9.61,1.78,,
"Conurbano","2011-9",2011,9,130,"2011-IIS","Almacén-SinHarina","Almacén",102.53,102.66,3496,0.25,4.79,1.24,,
"Conurbano","2011-9",2011,9,200,"2011-IIS","Verdulería","Verdulería",61.23,61.82,715,0.15,15.93,2.23,,
"Conurbano","2011-9",2011,9,300,"2011-IIS","Carnicería","Carnicería",156.75,157.65,415,0.39,1.63,0.67,,
"Conurbano","2011-10",2011,10,1,"2011-IIS","CBA","total",396.28,398.08,7511,1.00,-0.17,-0.17,,
"Conurbano","2011-10",2011,10,100,"2011-IIS","Almacén","Almacén",183.09,182.37,4892,0.46,2.28,1.03,,
"Conurbano","2011-10",2011,10,120,"2011-IIS","Almacén-ConHarina","Almacén",76.52,76.74,908,0.19,0.08,0.01,,
"Conurbano","2011-10",2011,10,130,"2011-IIS","Almacén-SinHarina","Almacén",106.56,105.62,3984,0.26,3.92,1.01,,
"Conurbano","2011-10",2011,10,200,"2011-IIS","Verdulería","Verdulería",59.26,60.03,1561,0.14,-3.22,-0.49,,
"Conurbano","2011-10",2011,10,300,"2011-IIS","Carnicería","Carnicería",153.92,155.67,1058,0.38,-1.80,-0.71,,
"Conurbano","2011-11",2011,11,1,"2011-IIS","CBA","total",403.20,406.25,5476,1.00,1.74,1.74,,
"Conurbano","2011-11",2011,11,1,"2014-IS","CBA","total",403.20,406.25,5476,1.00,1.74,1.74,,
"Conurbano","2011-11",2011,11,100,"2014-IS","Almacén","Almacén",177.14,179.27,3353,0.43,-3.24,-1.50,,
"Conurbano","2011-11",2011,11,100,"2011-IIS","Almacén","Almacén",177.14,179.27,3353,0.43,-3.24,-1.50,,
"Conurbano","2011-11",2011,11,120,"2014-IS","Almacén-ConHarina","Almacén",70.73,73.33,572,0.17,-7.57,-1.46,,
"Conurbano","2011-11",2011,11,120,"2011-IIS","Almacén-ConHarina","Almacén",70.73,73.33,572,0.17,-7.57,-1.46,,
"Conurbano","2011-11",2011,11,130,"2014-IS","Almacén-SinHarina","Almacén",106.41,105.94,2781,0.26,-0.13,-0.03,,
"Conurbano","2011-11",2011,11,130,"2011-IIS","Almacén-SinHarina","Almacén",106.41,105.94,2781,0.26,-0.13,-0.03,,
"Conurbano","2011-11",2011,11,200,"2011-IIS","Verdulería","Verdulería",64.60,64.48,1246,0.16,9.01,1.34,,
"Conurbano","2011-11",2011,11,200,"2014-IS","Verdulería","Verdulería",64.60,64.48,1246,0.16,9.01,1.34,,
"Conurbano","2011-11",2011,11,300,"2014-IS","Carnicería","Carnicería",161.45,162.49,877,0.40,4.89,1.90,,
"Conurbano","2011-11",2011,11,300,"2011-IIS","Carnicería","Carnicería",161.45,162.49,877,0.40,4.89,1.90,,
"Conurbano","2011-12",2011,12,1,"2011-IIS","CBA","total",418.31,423.32,5554,1.00,3.74,3.74,,
"Conurbano","2011-12",2011,12,100,"2011-IIS","Almacén","Almacén",185.56,185.71,3448,0.44,4.75,2.08,,
"Conurbano","2011-12",2011,12,120,"2011-IIS","Almacén-ConHarina","Almacén",77.05,77.12,603,0.18,8.94,1.56,,
"Conurbano","2011-12",2011,12,130,"2011-IIS","Almacén-SinHarina","Almacén",108.51,108.58,2845,0.25,1.96,0.51,,
"Conurbano","2011-12",2011,12,200,"2011-IIS","Verdulería","Verdulería",64.67,67.48,1248,0.15,0.10,0.01,,
"Conurbano","2011-12",2011,12,300,"2011-IIS","Carnicería","Carnicería",168.07,170.12,858,0.40,4.10,1.64,,
"Conurbano","2012-1",2012,1,1,"2012-IS","CBA","total",423.07,426.44,7612,1.00,1.13,1.13,,
"Conurbano","2012-1",2012,1,100,"2012-IS","Almacén","Almacén",190.52,192.24,4946,0.45,2.67,1.18,,
"Conurbano","2012-1",2012,1,120,"2012-IS","Almacén-ConHarina","Almacén",78.55,79.99,909,0.18,1.94,0.35,,
"Conurbano","2012-1",2012,1,130,"2012-IS","Almacén-SinHarina","Almacén",111.96,112.24,4037,0.26,3.18,0.82,,
"Conurbano","2012-1",2012,1,200,"2012-IS","Verdulería","Verdulería",66.22,68.25,1585,0.15,2.39,0.37,,
"Conurbano","2012-1",2012,1,300,"2012-IS","Carnicería","Carnicería",166.33,165.94,1081,0.39,-1.03,-0.41,,
"Conurbano","2012-2",2012,2,1,"2012-IS","CBA","total",435.81,438.22,7045,1.00,3.01,3.01,,
"Conurbano","2012-2",2012,2,100,"2012-IS","Almacén","Almacén",191.44,193.00,4479,0.43,0.48,0.21,,
"Conurbano","2012-2",2012,2,120,"2012-IS","Almacén-ConHarina","Almacén",78.12,78.98,787,0.17,-0.55,-0.10,,
"Conurbano","2012-2",2012,2,130,"2012-IS","Almacén-SinHarina","Almacén",113.32,114.01,3692,0.26,1.21,0.32,,
"Conurbano","2012-2",2012,2,200,"2012-IS","Verdulería","Verdulería",74.76,74.71,1573,0.17,12.90,2.02,,
"Conurbano","2012-2",2012,2,300,"2012-IS","Carnicería","Carnicería",169.59,170.50,993,0.38,1.96,0.77,,
"Conurbano","2012-3",2012,3,1,"2012-IS","CBA","total",460.58,462.97,7535,1.00,5.68,5.68,,
"Conurbano","2012-3",2012,3,100,"2012-IS","Almacén","Almacén",199.46,200.67,5015,0.43,4.18,1.83,,
"Conurbano","2012-3",2012,3,120,"2012-IS","Almacén-ConHarina","Almacén",84.43,82.13,936,0.18,8.07,1.44,,
"Conurbano","2012-3",2012,3,130,"2012-IS","Almacén-SinHarina","Almacén",115.02,118.54,4079,0.24,1.50,0.39,,
"Conurbano","2012-3",2012,3,200,"2012-IS","Verdulería","Verdulería",76.93,79.42,1506,0.16,2.90,0.49,,
"Conurbano","2012-3",2012,3,300,"2012-IS","Carnicería","Carnicería",184.18,182.87,1014,0.39,8.59,3.34,,
"Conurbano","2012-4",2012,4,1,"2012-IS","CBA","total",481.61,487.30,6640,1.00,4.56,4.56,,
"Conurbano","2012-4",2012,4,100,"2012-IS","Almacén","Almacén",212.74,216.13,4312,0.44,6.65,2.88,,
"Conurbano","2012-4",2012,4,120,"2012-IS","Almacén-ConHarina","Almacén",86.29,86.91,789,0.17,2.19,0.40,,
"Conurbano","2012-4",2012,4,130,"2012-IS","Almacén-SinHarina","Almacén",126.45,129.22,3523,0.26,9.93,2.48,,
"Conurbano","2012-4",2012,4,200,"2012-IS","Verdulería","Verdulería",77.91,79.45,1345,0.16,1.26,0.21,,
"Conurbano","2012-4",2012,4,300,"2012-IS","Carnicería","Carnicería",190.96,191.70,983,0.39,3.68,1.47,,
"Conurbano","2012-5",2012,5,1,"2012-IS","CBA","total",484.81,485.68,7294,1.00,0.66,0.66,,
"Conurbano","2012-5",2012,5,100,"2012-IS","Almacén","Almacén",210.93,213.96,4719,0.43,-0.85,-0.37,,
"Conurbano","2012-5",2012,5,120,"2012-IS","Almacén-ConHarina","Almacén",83.71,85.75,853,0.17,-2.98,-0.53,,
"Conurbano","2012-5",2012,5,130,"2012-IS","Almacén-SinHarina","Almacén",127.21,128.20,3866,0.26,0.60,0.15,,
"Conurbano","2012-5",2012,5,200,"2012-IS","Verdulería","Verdulería",83.03,81.73,1552,0.17,6.58,1.06,,
"Conurbano","2012-5",2012,5,300,"2012-IS","Carnicería","Carnicería",190.84,189.98,1023,0.39,-0.06,-0.02,,
"Tucuman","2012-5",2012,5,1,"2012-IS","CBA","total",452.25,454.17,4124,1.00,,,,
"Tucuman","2012-5",2012,5,100,"2012-IS","Almacén","Almacén",190.07,191.71,2624,0.42,,,,
"Tucuman","2012-5",2012,5,120,"2012-IS","Almacén-ConHarina","Almacén",68.92,69.56,490,0.15,,,,
"Tucuman","2012-5",2012,5,130,"2012-IS","Almacén-SinHarina","Almacén",121.14,122.15,2134,0.26,,,,
"Tucuman","2012-5",2012,5,200,"2012-IS","Verdulería","Verdulería",78.24,78.81,981,0.17,,,,
"Tucuman","2012-5",2012,5,300,"2012-IS","Carnicería","Carnicería",183.93,183.64,519,0.40,,,,
"Conurbano","2012-6",2012,6,1,"2012-IS","CBA","total",492.84,496.05,6823,1.00,1.65,1.65,,
"Conurbano","2012-6",2012,6,100,"2012-IS","Almacén","Almacén",218.14,221.15,4463,0.44,3.41,1.48,,
"Conurbano","2012-6",2012,6,120,"2012-IS","Almacén-ConHarina","Almacén",87.01,88.58,817,0.17,3.93,0.67,,
"Conurbano","2012-6",2012,6,130,"2012-IS","Almacén-SinHarina","Almacén",131.13,132.57,3646,0.26,3.07,0.80,,
"Conurbano","2012-6",2012,6,200,"2012-IS","Verdulería","Verdulería",85.07,84.05,1439,0.17,2.45,0.42,,
"Conurbano","2012-6",2012,6,300,"2012-IS","Carnicería","Carnicería",189.62,190.83,921,0.38,-0.63,-0.25,,
"Tucuman","2012-6",2012,6,1,"2012-IS","CBA","total",468.50,474.98,4243,1.00,3.59,3.59,,
"Tucuman","2012-6",2012,6,100,"2012-IS","Almacén","Almacén",195.43,196.32,2765,0.41,2.82,1.18,,
"Tucuman","2012-6",2012,6,120,"2012-IS","Almacén-ConHarina","Almacén",73.20,71.97,501,0.15,6.20,0.94,,
"Tucuman","2012-6",2012,6,130,"2012-IS","Almacén-SinHarina","Almacén",122.23,124.35,2264,0.26,0.89,0.23,,
"Tucuman","2012-6",2012,6,200,"2012-IS","Verdulería","Verdulería",80.58,84.44,932,0.17,2.98,0.51,,
"Tucuman","2012-6",2012,6,300,"2012-IS","Carnicería","Carnicería",192.48,194.21,546,0.41,4.64,1.88,,
"Chaco","2012-7",2012,7,1,"2012-IIS","CBA","total",443.52,446.55,4636,1.00,,,,
"Chaco","2012-7",2012,7,100,"2012-IIS","Almacén","Almacén",194.67,197.31,3098,0.43,,,,
"Chaco","2012-7",2012,7,120,"2012-IIS","Almacén-ConHarina","Almacén",65.94,67.12,623,0.14,,,,
"Chaco","2012-7",2012,7,130,"2012-IIS","Almacén-SinHarina","Almacén",128.73,130.18,2475,0.29,,,,
"Chaco","2012-7",2012,7,200,"2012-IIS","Verdulería","Verdulería",82.54,81.09,981,0.18,,,,
"Chaco","2012-7",2012,7,300,"2012-IIS","Carnicería","Carnicería",166.30,168.14,557,0.37,,,,
"Conurbano","2012-7",2012,7,1,"2012-IIS","CBA","total",494.65,498.93,6517,1.00,0.36,0.36,33.70,33.52
"Conurbano","2012-7",2012,7,100,"2012-IIS","Almacén","Almacén",218.74,221.64,4308,0.44,0.27,0.12,28.91,13.18
"Conurbano","2012-7",2012,7,120,"2012-IIS","Almacén-ConHarina","Almacén",84.93,87.39,790,0.17,-2.39,-0.42,16.03,3.15
"Conurbano","2012-7",2012,7,130,"2012-IIS","Almacén-SinHarina","Almacén",133.81,134.25,3518,0.27,2.04,0.54,38.67,10.03
"Conurbano","2012-7",2012,7,200,"2012-IIS","Verdulería","Verdulería",85.65,86.25,1320,0.17,0.68,0.11,66.76,9.21
"Conurbano","2012-7",2012,7,300,"2012-IIS","Carnicería","Carnicería",190.25,191.03,889,0.38,0.33,0.12,27.76,11.11
"Tucuman","2012-7",2012,7,1,"2012-IIS","CBA","total",469.95,477.38,4144,1.00,0.31,0.31,,
"Tucuman","2012-7",2012,7,100,"2012-IIS","Almacén","Almacén",200.25,201.99,2637,0.42,2.46,1.02,,
"Tucuman","2012-7",2012,7,120,"2012-IIS","Almacén-ConHarina","Almacén",74.12,73.36,474,0.15,1.26,0.19,,
"Tucuman","2012-7",2012,7,130,"2012-IIS","Almacén-SinHarina","Almacén",126.12,128.63,2163,0.26,3.18,0.83,,
"Tucuman","2012-7",2012,7,200,"2012-IIS","Verdulería","Verdulería",78.46,82.14,951,0.16,-2.62,-0.45,,
"Tucuman","2012-7",2012,7,300,"2012-IIS","Carnicería","Carnicería",191.23,193.23,556,0.40,-0.64,-0.26,,
"Chaco","2012-8",2012,8,1,"2012-IIS","CBA","total",468.30,467.73,4982,1.00,5.58,5.58,,
"Chaco","2012-8",2012,8,100,"2012-IIS","Almacén","Almacén",203.74,202.96,3257,0.43,4.65,2.04,,
"Chaco","2012-8",2012,8,120,"2012-IIS","Almacén-ConHarina","Almacén",68.25,69.29,646,0.14,3.50,0.52,,
"Chaco","2012-8",2012,8,130,"2012-IIS","Almacén-SinHarina","Almacén",135.49,133.66,2611,0.28,5.24,1.52,,
"Chaco","2012-8",2012,8,200,"2012-IIS","Verdulería","Verdulería",96.96,96.99,1044,0.20,17.47,3.25,,
"Chaco","2012-8",2012,8,300,"2012-IIS","Carnicería","Carnicería",167.60,167.77,681,0.35,0.78,0.29,,
"Conurbano","2012-8",2012,8,1,"2012-IIS","CBA","total",525.15,527.12,7441,1.00,6.16,6.16,40.17,40.02
"Conurbano","2012-8",2012,8,100,"2012-IIS","Almacén","Almacén",225.30,227.34,4960,0.42,2.99,1.32,34.42,15.34
"Conurbano","2012-8",2012,8,120,"2012-IIS","Almacén-ConHarina","Almacén",88.46,88.88,904,0.16,4.16,0.71,26.82,4.97
"Conurbano","2012-8",2012,8,130,"2012-IIS","Almacén-SinHarina","Almacén",136.83,138.46,4056,0.26,2.25,0.61,39.84,10.36
"Conurbano","2012-8",2012,8,200,"2012-IIS","Verdulería","Verdulería",108.23,109.23,1504,0.20,26.35,4.56,104.90,14.73
"Conurbano","2012-8",2012,8,300,"2012-IIS","Carnicería","Carnicería",191.61,190.54,977,0.36,0.71,0.27,24.23,9.94
"Tucuman","2012-8",2012,8,1,"2012-IIS","CBA","total",501.84,505.03,4332,1.00,6.78,6.78,,
"Tucuman","2012-8",2012,8,100,"2012-IIS","Almacén","Almacén",211.76,212.38,2789,0.42,5.74,2.44,,
"Tucuman","2012-8",2012,8,120,"2012-IIS","Almacén-ConHarina","Almacén",81.35,80.88,508,0.16,9.74,1.53,,
"Tucuman","2012-8",2012,8,130,"2012-IIS","Almacén-SinHarina","Almacén",130.40,131.50,2281,0.25,3.39,0.91,,
"Tucuman","2012-8",2012,8,200,"2012-IIS","Verdulería","Verdulería",99.08,102.57,970,0.19,26.27,4.38,,
"Tucuman","2012-8",2012,8,300,"2012-IIS","Carnicería","Carnicería",190.99,190.07,573,0.38,-0.12,-0.05,,
"Chaco","2012-9",2012,9,1,"2012-IIS","CBA","total",474.32,478.16,4896,1.00,1.28,1.28,,
"Chaco","2012-9",2012,9,100,"2012-IIS","Almacén","Almacén",204.86,204.85,3215,0.43,0.55,0.24,,
"Chaco","2012-9",2012,9,120,"2012-IIS","Almacén-ConHarina","Almacén",70.26,71.05,648,0.14,2.94,0.42,,
"Chaco","2012-9",2012,9,130,"2012-IIS","Almacén-SinHarina","Almacén",134.60,133.80,2567,0.28,-0.65,-0.18,,
"Chaco","2012-9",2012,9,200,"2012-IIS","Verdulería","Verdulería",99.46,102.36,1018,0.20,2.57,0.53,,
"Chaco","2012-9",2012,9,300,"2012-IIS","Carnicería","Carnicería",169.99,170.93,663,0.35,1.42,0.51,,
"Conurbano","2012-9",2012,9,1,"2012-IIS","CBA","total",528.16,527.94,7407,1.00,0.57,0.57,33.04,33.04
"Conurbano","2012-9",2012,9,100,"2012-IIS","Almacén","Almacén",234.99,233.47,4949,0.44,4.29,1.84,31.28,14.10
"Conurbano","2012-9",2012,9,120,"2012-IIS","Almacén-ConHarina","Almacén",94.77,92.19,898,0.17,7.12,1.20,23.94,4.61
"Conurbano","2012-9",2012,9,130,"2012-IIS","Almacén-SinHarina","Almacén",140.21,141.28,4051,0.26,2.47,0.64,36.74,9.49
"Conurbano","2012-9",2012,9,200,"2012-IIS","Verdulería","Verdulería",99.66,101.89,1458,0.18,-7.92,-1.63,62.74,9.67
"Conurbano","2012-9",2012,9,300,"2012-IIS","Carnicería","Carnicería",193.50,192.58,1000,0.36,0.98,0.36,23.45,9.25
"Mar del Plata","2012-9",2012,9,1,"2012-IIS","CBA","total",474.64,475.05,5444,1.00,,,,
"Mar del Plata","2012-9",2012,9,100,"2012-IIS","Almacén","Almacén",194.54,197.32,3708,0.40,,,,
"Mar del Plata","2012-9",2012,9,120,"2012-IIS","Almacén-ConHarina","Almacén",72.96,75.57,730,0.15,,,,
"Mar del Plata","2012-9",2012,9,130,"2012-IIS","Almacén-SinHarina","Almacén",121.58,121.74,2978,0.25,,,,
"Mar del Plata","2012-9",2012,9,200,"2012-IIS","Verdulería","Verdulería",94.35,95.12,1162,0.19,,,,
"Mar del Plata","2012-9",2012,9,300,"2012-IIS","Carnicería","Carnicería",185.74,182.60,574,0.39,,,,
"Salta","2012-9",2012,9,1,"2012-IIS","CBA","total",483.08,486.60,5342,1.00,,,,
"Salta","2012-9",2012,9,100,"2012-IIS","Almacén","Almacén",194.25,195.55,4124,0.40,,,,
"Salta","2012-9",2012,9,120,"2012-IIS","Almacén-ConHarina","Almacén",79.55,80.00,782,0.16,,,,
"Salta","2012-9",2012,9,130,"2012-IIS","Almacén-SinHarina","Almacén",114.70,115.54,3342,0.23,,,,
"Salta","2012-9",2012,9,200,"2012-IIS","Verdulería","Verdulería",84.69,85.99,862,0.17,,,,
"Salta","2012-9",2012,9,300,"2012-IIS","Carnicería","Carnicería",204.12,205.05,356,0.42,,,,
"Tucuman","2012-9",2012,9,1,"2012-IIS","CBA","total",494.04,494.43,4317,1.00,-1.55,-1.55,,
"Tucuman","2012-9",2012,9,100,"2012-IIS","Almacén","Almacén",203.19,208.11,2740,0.41,-4.04,-1.70,,
"Tucuman","2012-9",2012,9,120,"2012-IIS","Almacén-ConHarina","Almacén",75.79,78.30,504,0.15,-6.83,-1.10,,
"Tucuman","2012-9",2012,9,130,"2012-IIS","Almacén-SinHarina","Almacén",127.40,129.80,2236,0.25,-2.30,-0.59,,
"Tucuman","2012-9",2012,9,200,"2012-IIS","Verdulería","Verdulería",100.98,98.89,982,0.20,1.91,0.37,,
"Tucuman","2012-9",2012,9,300,"2012-IIS","Carnicería","Carnicería",189.86,187.41,595,0.38,-0.59,-0.22,,
"Chaco","2012-10",2012,10,1,"2012-IIS","CBA","total",476.16,477.47,4789,1.00,0.38,0.38,,
"Chaco","2012-10",2012,10,100,"2012-IIS","Almacén","Almacén",208.84,207.60,3193,0.43,1.94,0.83,,
"Chaco","2012-10",2012,10,120,"2012-IIS","Almacén-ConHarina","Almacén",71.50,71.73,587,0.15,1.77,0.26,,
"Chaco","2012-10",2012,10,130,"2012-IIS","Almacén-SinHarina","Almacén",137.33,135.86,2606,0.28,2.03,0.57,,
"Chaco","2012-10",2012,10,200,"2012-IIS","Verdulería","Verdulería",94.51,96.28,888,0.19,-4.97,-1.04,,
"Chaco","2012-10",2012,10,300,"2012-IIS","Carnicería","Carnicería",172.80,173.59,708,0.36,1.65,0.59,,
"Conurbano","2012-10",2012,10,1,"2012-IIS","CBA","total",530.43,525.77,7576,1.00,0.43,0.43,33.85,33.85
"Conurbano","2012-10",2012,10,100,"2012-IIS","Almacén","Almacén",235.87,231.37,5053,0.44,0.37,0.16,28.82,13.31
"Conurbano","2012-10",2012,10,120,"2012-IIS","Almacén-ConHarina","Almacén",95.24,92.32,932,0.17,0.50,0.09,24.45,4.72
"Conurbano","2012-10",2012,10,130,"2012-IIS","Almacén-SinHarina","Almacén",140.62,139.05,4121,0.26,0.28,0.07,31.95,8.59
"Conurbano","2012-10",2012,10,200,"2012-IIS","Verdulería","Verdulería",104.38,104.74,1497,0.19,4.74,0.89,76.13,11.38
"Conurbano","2012-10",2012,10,300,"2012-IIS","Carnicería","Carnicería",190.17,189.64,1026,0.35,-1.72,-0.63,23.55,9.14
"Mar del Plata","2012-10",2012,10,1,"2012-IIS","CBA","total",477.93,481.27,5302,1.00,0.69,0.69,,
"Mar del Plata","2012-10",2012,10,100,"2012-IIS","Almacén","Almacén",204.51,207.35,3784,0.42,5.12,2.10,,
"Mar del Plata","2012-10",2012,10,120,"2012-IIS","Almacén-ConHarina","Almacén",76.53,79.11,708,0.16,4.89,0.75,,
"Mar del Plata","2012-10",2012,10,130,"2012-IIS","Almacén-SinHarina","Almacén",127.97,128.24,3076,0.26,5.26,1.34,,
"Mar del Plata","2012-10",2012,10,200,"2012-IIS","Verdulería","Verdulería",95.19,96.23,991,0.19,0.89,0.17,,
"Mar del Plata","2012-10",2012,10,300,"2012-IIS","Carnicería","Carnicería",178.22,177.68,527,0.37,-4.05,-1.58,,
"Salta","2012-10",2012,10,1,"2012-IIS","CBA","total",490.59,490.69,4724,1.00,1.55,1.55,,
"Salta","2012-10",2012,10,100,"2012-IIS","Almacén","Almacén",196.59,197.53,3739,0.40,1.20,0.48,,
"Salta","2012-10",2012,10,120,"2012-IIS","Almacén-ConHarina","Almacén",79.35,79.21,681,0.16,-0.25,-0.04,,
"Salta","2012-10",2012,10,130,"2012-IIS","Almacén-SinHarina","Almacén",117.24,118.31,3058,0.23,2.21,0.52,,
"Salta","2012-10",2012,10,200,"2012-IIS","Verdulería","Verdulería",89.44,87.66,668,0.18,5.60,0.98,,
"Salta","2012-10",2012,10,300,"2012-IIS","Carnicería","Carnicería",204.55,205.50,317,0.41,0.21,0.08,,
"Tucuman","2012-10",2012,10,1,"2012-IIS","CBA","total",498.44,500.71,4024,1.00,0.89,0.89,,
"Tucuman","2012-10",2012,10,100,"2012-IIS","Almacén","Almacén",210.76,214.52,2548,0.42,3.72,1.53,,
"Tucuman","2012-10",2012,10,120,"2012-IIS","Almacén-ConHarina","Almacén",77.39,78.87,460,0.15,2.12,0.32,,
"Tucuman","2012-10",2012,10,130,"2012-IIS","Almacén-SinHarina","Almacén",133.36,135.64,2088,0.26,4.68,1.20,,
"Tucuman","2012-10",2012,10,200,"2012-IIS","Verdulería","Verdulería",96.16,95.67,929,0.19,-4.77,-0.97,,
"Tucuman","2012-10",2012,10,300,"2012-IIS","Carnicería","Carnicería",191.50,190.51,547,0.38,0.86,0.33,,
"Chaco","2012-11",2012,11,1,"2012-IIS","CBA","total",495.76,495.70,4862,1.00,4.11,4.11,,
"Chaco","2012-11",2012,11,100,"2012-IIS","Almacén","Almacén",210.58,212.88,3165,0.42,0.83,0.36,,
"Chaco","2012-11",2012,11,120,"2012-IIS","Almacén-ConHarina","Almacén",71.13,72.93,582,0.14,-0.52,-0.07,,
"Chaco","2012-11",2012,11,130,"2012-IIS","Almacén-SinHarina","Almacén",139.45,139.94,2583,0.28,1.54,0.44,,
"Chaco","2012-11",2012,11,200,"2012-IIS","Verdulería","Verdulería",109.03,108.94,1000,0.21,15.36,3.05,,
"Chaco","2012-11",2012,11,300,"2012-IIS","Carnicería","Carnicería",176.14,173.87,697,0.35,1.92,0.69,,
"Conurbano","2012-11",2012,11,1,"2012-IIS","CBA","total",541.91,541.93,7179,1.00,2.16,2.16,34.40,34.40
"Conurbano","2012-11",2012,11,100,"2012-IIS","Almacén","Almacén",232.76,235.31,4742,0.42,-1.31,-0.58,31.39,13.79
"Conurbano","2012-11",2012,11,120,"2012-IIS","Almacén-ConHarina","Almacén",86.61,90.11,763,0.15,-9.05,-1.62,22.46,3.94
"Conurbano","2012-11",2012,11,130,"2012-IIS","Almacén-SinHarina","Almacén",146.14,145.20,3979,0.26,3.92,1.03,37.32,9.85
"Conurbano","2012-11",2012,11,200,"2012-IIS","Verdulería","Verdulería",116.34,115.33,1409,0.21,11.45,2.25,80.09,12.83
"Conurbano","2012-11",2012,11,300,"2012-IIS","Carnicería","Carnicería",192.80,191.28,1028,0.35,1.38,0.49,19.41,7.77
"Mar del Plata","2012-11",2012,11,1,"2012-IIS","CBA","total",499.10,498.56,5387,1.00,4.42,4.42,,
"Mar del Plata","2012-11",2012,11,100,"2012-IIS","Almacén","Almacén",211.67,213.25,3789,0.42,3.50,1.49,,
"Mar del Plata","2012-11",2012,11,120,"2012-IIS","Almacén-ConHarina","Almacén",79.72,80.23,712,0.15,4.16,0.66,,
"Mar del Plata","2012-11",2012,11,130,"2012-IIS","Almacén-SinHarina","Almacén",131.95,133.02,3077,0.26,3.10,0.83,,
"Mar del Plata","2012-11",2012,11,200,"2012-IIS","Verdulería","Verdulería",106.50,106.43,1035,0.21,11.87,2.36,,
"Mar del Plata","2012-11",2012,11,300,"2012-IIS","Carnicería","Carnicería",180.92,178.87,563,0.36,1.51,0.56,,
"Salta","2012-11",2012,11,1,"2012-IIS","CBA","total",503.17,508.55,5101,1.00,2.56,2.56,,
"Salta","2012-11",2012,11,100,"2012-IIS","Almacén","Almacén",200.81,205.69,4015,0.39,2.14,0.86,,
"Salta","2012-11",2012,11,120,"2012-IIS","Almacén-ConHarina","Almacén",79.71,83.13,712,0.15,0.45,0.07,,
"Salta","2012-11",2012,11,130,"2012-IIS","Almacén-SinHarina","Almacén",121.10,122.55,3303,0.24,3.29,0.78,,
"Salta","2012-11",2012,11,200,"2012-IIS","Verdulería","Verdulería",93.09,94.23,749,0.18,4.08,0.74,,
"Salta","2012-11",2012,11,300,"2012-IIS","Carnicería","Carnicería",209.26,208.63,337,0.41,2.29,0.95,,
"Tucuman","2012-11",2012,11,1,"2012-IIS","CBA","total",496.90,499.37,4330,1.00,-0.30,-0.30,,
"Tucuman","2012-11",2012,11,100,"2012-IIS","Almacén","Almacén",217.30,216.19,2770,0.43,3.10,1.31,,
"Tucuman","2012-11",2012,11,120,"2012-IIS","Almacén-ConHarina","Almacén",80.64,79.39,506,0.16,4.19,0.65,,
"Tucuman","2012-11",2012,11,130,"2012-IIS","Almacén-SinHarina","Almacén",136.65,136.80,2264,0.27,2.46,0.65,,
"Tucuman","2012-11",2012,11,200,"2012-IIS","Verdulería","Verdulería",91.59,95.86,970,0.18,-4.75,-0.91,,
"Tucuman","2012-11",2012,11,300,"2012-IIS","Carnicería","Carnicería",188.00,187.31,590,0.37,-1.83,-0.70,,
"Chaco","2012-12",2012,12,1,"2012-IIS","CBA","total",518.33,517.90,4957,1.00,4.55,4.55,,
"Chaco","2012-12",2012,12,100,"2012-IIS","Almacén","Almacén",214.55,217.09,3289,0.41,1.88,0.80,,
"Chaco","2012-12",2012,12,120,"2012-IIS","Almacén-ConHarina","Almacén",72.54,73.90,625,0.13,1.98,0.28,,
"Chaco","2012-12",2012,12,130,"2012-IIS","Almacén-SinHarina","Almacén",142.01,143.18,2664,0.27,1.83,0.51,,
"Chaco","2012-12",2012,12,200,"2012-IIS","Verdulería","Verdulería",126.05,122.72,979,0.24,15.60,3.43,,
"Chaco","2012-12",2012,12,300,"2012-IIS","Carnicería","Carnicería",177.71,178.08,689,0.34,0.89,0.31,,
"Conurbano","2012-12",2012,12,1,"2012-IIS","CBA","total",548.72,553.51,7212,1.00,1.25,1.25,31.17,31.17
"Conurbano","2012-12",2012,12,100,"2012-IIS","Almacén","Almacén",240.60,242.20,4866,0.43,3.37,1.44,29.65,13.15
"Conurbano","2012-12",2012,12,120,"2012-IIS","Almacén-ConHarina","Almacén",96.22,96.56,859,0.17,11.08,1.77,24.87,4.58
"Conurbano","2012-12",2012,12,130,"2012-IIS","Almacén-SinHarina","Almacén",144.37,145.64,4007,0.26,-1.20,-0.32,33.05,8.57
"Conurbano","2012-12",2012,12,200,"2012-IIS","Verdulería","Verdulería",111.40,114.75,1402,0.20,-4.25,-0.91,72.25,11.17
"Conurbano","2012-12",2012,12,300,"2012-IIS","Carnicería","Carnicería",196.71,196.54,944,0.35,2.03,0.72,17.04,6.84
"Mar del Plata","2012-12",2012,12,1,"2012-IIS","CBA","total",503.34,508.16,5379,1.00,0.84,0.84,,
"Mar del Plata","2012-12",2012,12,100,"2012-IIS","Almacén","Almacén",211.91,216.55,3791,0.42,0.11,0.04,,
"Mar del Plata","2012-12",2012,12,120,"2012-IIS","Almacén-ConHarina","Almacén",77.60,81.25,728,0.15,-2.65,-0.42,,
"Mar del Plata","2012-12",2012,12,130,"2012-IIS","Almacén-SinHarina","Almacén",134.30,135.30,3063,0.26,1.78,0.47,,
"Mar del Plata","2012-12",2012,12,200,"2012-IIS","Verdulería","Verdulería",107.29,109.16,1058,0.21,0.74,0.15,,
"Mar del Plata","2012-12",2012,12,300,"2012-IIS","Carnicería","Carnicería",184.14,182.43,530,0.36,1.77,0.64,,
"Salta","2012-12",2012,12,1,"2012-IIS","CBA","total",510.40,513.14,4173,1.00,1.43,1.43,,
"Salta","2012-12",2012,12,100,"2012-IIS","Almacén","Almacén",210.76,211.14,3300,0.41,4.95,1.97,,
"Salta","2012-12",2012,12,120,"2012-IIS","Almacén-ConHarina","Almacén",84.65,84.90,590,0.16,6.20,0.98,,
"Salta","2012-12",2012,12,130,"2012-IIS","Almacén-SinHarina","Almacén",126.10,126.23,2710,0.24,4.12,0.99,,
"Salta","2012-12",2012,12,200,"2012-IIS","Verdulería","Verdulería",93.70,97.12,611,0.18,0.65,0.12,,
"Salta","2012-12",2012,12,300,"2012-IIS","Carnicería","Carnicería",205.93,204.87,262,0.40,-1.59,-0.66,,
"Tucuman","2012-12",2012,12,1,"2012-IIS","CBA","total",517.27,517.05,4385,1.00,4.10,4.10,,
"Tucuman","2012-12",2012,12,100,"2012-IIS","Almacén","Almacén",217.11,220.25,2823,0.41,-0.08,-0.03,,
"Tucuman","2012-12",2012,12,120,"2012-IIS","Almacén-ConHarina","Almacén",80.28,81.56,501,0.15,-0.45,-0.07,,
"Tucuman","2012-12",2012,12,130,"2012-IIS","Almacén-SinHarina","Almacén",136.83,138.68,2322,0.26,0.12,0.03,,
"Tucuman","2012-12",2012,12,200,"2012-IIS","Verdulería","Verdulería",107.63,104.90,999,0.20,17.50,3.22,,
"Tucuman","2012-12",2012,12,300,"2012-IIS","Carnicería","Carnicería",192.52,191.90,563,0.37,2.40,0.91,,
"Chaco","2013-1",2013,1,1,"2013-IS","CBA","total",525.26,523.56,4812,1.00,1.33,1.33,,
"Chaco","2013-1",2013,1,100,"2013-IS","Almacén","Almacén",229.32,228.32,3296,0.43,6.88,2.84,,
"Chaco","2013-1",2013,1,120,"2013-IS","Almacén-ConHarina","Almacén",80.76,79.58,632,0.15,11.33,1.58,,
"Chaco","2013-1",2013,1,130,"2013-IS","Almacén-SinHarina","Almacén",148.56,148.74,2664,0.28,4.60,1.26,,
"Chaco","2013-1",2013,1,200,"2013-IS","Verdulería","Verdulería",110.97,111.13,934,0.21,-11.96,-2.90,,
"Chaco","2013-1",2013,1,300,"2013-IS","Carnicería","Carnicería",184.96,184.10,582,0.35,4.07,1.39,,
"Conurbano","2013-1",2013,1,1,"2013-IS","CBA","total",550.79,554.14,5949,1.00,0.37,0.37,30.18,30.18
"Conurbano","2013-1",2013,1,100,"2013-IS","Almacén","Almacén",250.06,250.20,3960,0.45,3.93,1.72,31.24,14.07
"Conurbano","2013-1",2013,1,120,"2013-IS","Almacén-ConHarina","Almacén",102.50,102.82,665,0.18,6.52,1.14,30.49,5.66
"Conurbano","2013-1",2013,1,130,"2013-IS","Almacén-SinHarina","Almacén",147.55,147.37,3295,0.26,2.19,0.57,31.78,8.41
"Conurbano","2013-1",2013,1,200,"2013-IS","Verdulería","Verdulería",104.09,107.56,1175,0.18,-6.55,-1.33,57.18,8.95
"Conurbano","2013-1",2013,1,300,"2013-IS","Carnicería","Carnicería",196.64,196.37,814,0.35,-0.03,-0.01,18.22,7.16
"Mar del Plata","2013-1",2013,1,1,"2013-IS","CBA","total",514.93,517.88,5408,1.00,2.30,2.30,,
"Mar del Plata","2013-1",2013,1,100,"2013-IS","Almacén","Almacén",226.46,229.97,3784,0.43,6.86,2.89,,
"Mar del Plata","2013-1",2013,1,120,"2013-IS","Almacén-ConHarina","Almacén",85.95,89.19,718,0.16,10.75,1.65,,
"Mar del Plata","2013-1",2013,1,130,"2013-IS","Almacén-SinHarina","Almacén",140.51,140.77,3066,0.27,4.62,1.23,,
"Mar del Plata","2013-1",2013,1,200,"2013-IS","Verdulería","Verdulería",99.74,100.46,1069,0.19,-7.03,-1.49,,
"Mar del Plata","2013-1",2013,1,300,"2013-IS","Carnicería","Carnicería",188.72,187.44,555,0.36,2.48,0.91,,
"Salta","2013-1",2013,1,1,"2013-IS","CBA","total",517.31,524.18,3644,1.00,1.35,1.35,,
"Salta","2013-1",2013,1,100,"2013-IS","Almacén","Almacén",210.68,215.36,2944,0.40,-0.03,-0.01,,
"Salta","2013-1",2013,1,120,"2013-IS","Almacén-ConHarina","Almacén",82.63,84.56,529,0.15,-2.39,-0.39,,
"Salta","2013-1",2013,1,130,"2013-IS","Almacén-SinHarina","Almacén",128.05,130.79,2415,0.24,1.54,0.38,,
"Salta","2013-1",2013,1,200,"2013-IS","Verdulería","Verdulería",95.79,99.55,475,0.18,2.23,0.40,,
"Salta","2013-1",2013,1,300,"2013-IS","Carnicería","Carnicería",210.82,209.26,225,0.40,2.37,0.95,,
"Tucuman","2013-1",2013,1,1,"2013-IS","CBA","total",523.19,531.39,2893,1.00,1.14,1.14,,
"Tucuman","2013-1",2013,1,100,"2013-IS","Almacén","Almacén",227.36,230.49,1856,0.43,4.71,1.98,,
"Tucuman","2013-1",2013,1,120,"2013-IS","Almacén-ConHarina","Almacén",84.64,85.03,333,0.16,5.43,0.84,,
"Tucuman","2013-1",2013,1,130,"2013-IS","Almacén-SinHarina","Almacén",142.71,145.46,1523,0.27,4.29,1.13,,
"Tucuman","2013-1",2013,1,200,"2013-IS","Verdulería","Verdulería",103.43,107.11,598,0.19,-3.90,-0.81,,
"Tucuman","2013-1",2013,1,300,"2013-IS","Carnicería","Carnicería",192.40,193.77,439,0.36,-0.06,-0.02,,
"Chaco","2013-2",2013,2,1,"2013-IS","CBA","total",526.98,530.59,4799,1.00,0.32,0.32,,
"Chaco","2013-2",2013,2,100,"2013-IS","Almacén","Almacén",234.11,233.50,3229,0.44,2.08,0.91,,
"Chaco","2013-2",2013,2,120,"2013-IS","Almacén-ConHarina","Almacén",83.43,82.38,623,0.15,3.30,0.50,,
"Chaco","2013-2",2013,2,130,"2013-IS","Almacén-SinHarina","Almacén",150.68,151.12,2606,0.28,1.42,0.40,,
"Chaco","2013-2",2013,2,200,"2013-IS","Verdulería","Verdulería",103.67,105.38,930,0.19,-6.57,-1.38,,
"Chaco","2013-2",2013,2,300,"2013-IS","Carnicería","Carnicería",189.19,191.69,640,0.35,2.28,0.80,,
"Conurbano","2013-2",2013,2,1,"2013-IS","CBA","total",571.45,574.01,7506,1.00,3.74,3.74,31.12,31.12
"Conurbano","2013-2",2013,2,100,"2013-IS","Almacén","Almacén",255.42,259.02,5032,0.44,2.14,0.97,33.41,14.68
"Conurbano","2013-2",2013,2,120,"2013-IS","Almacén-ConHarina","Almacén",100.01,103.51,801,0.17,-2.42,-0.45,28.02,5.02
"Conurbano","2013-2",2013,2,130,"2013-IS","Almacén-SinHarina","Almacén",155.40,155.51,4231,0.27,5.32,1.42,37.13,9.65
"Conurbano","2013-2",2013,2,200,"2013-IS","Verdulería","Verdulería",112.65,114.50,1422,0.19,8.22,1.55,50.67,8.69
"Conurbano","2013-2",2013,2,300,"2013-IS","Carnicería","Carnicería",203.36,200.48,1052,0.35,3.41,1.22,19.91,7.74
"Mar del Plata","2013-2",2013,2,1,"2013-IS","CBA","total",531.62,529.35,5313,1.00,3.24,3.24,,
"Mar del Plata","2013-2",2013,2,100,"2013-IS","Almacén","Almacén",234.07,233.58,3715,0.44,3.35,1.47,,
"Mar del Plata","2013-2",2013,2,120,"2013-IS","Almacén-ConHarina","Almacén",91.08,91.34,694,0.17,5.97,0.99,,
"Mar del Plata","2013-2",2013,2,130,"2013-IS","Almacén-SinHarina","Almacén",142.98,142.23,3021,0.26,1.75,0.47,,
"Mar del Plata","2013-2",2013,2,200,"2013-IS","Verdulería","Verdulería",96.36,94.91,1066,0.18,-3.38,-0.65,,
"Mar del Plata","2013-2",2013,2,300,"2013-IS","Carnicería","Carnicería",201.18,200.84,532,0.37,6.60,2.42,,
"Salta","2013-2",2013,2,1,"2013-IS","CBA","total",536.77,541.18,4731,1.00,3.76,3.76,,
"Salta","2013-2",2013,2,100,"2013-IS","Almacén","Almacén",227.61,228.20,3741,0.42,8.03,3.27,,
"Salta","2013-2",2013,2,120,"2013-IS","Almacén-ConHarina","Almacén",95.73,96.78,673,0.17,15.85,2.53,,
"Salta","2013-2",2013,2,130,"2013-IS","Almacén-SinHarina","Almacén",131.87,131.41,3068,0.24,2.98,0.73,,
"Salta","2013-2",2013,2,200,"2013-IS","Verdulería","Verdulería",95.28,97.10,656,0.17,-0.53,-0.09,,
"Salta","2013-2",2013,2,300,"2013-IS","Carnicería","Carnicería",213.87,215.87,334,0.39,1.44,0.58,,
"Tucuman","2013-2",2013,2,1,"2013-IS","CBA","total",523.41,531.10,4413,1.00,0.04,0.04,,
"Tucuman","2013-2",2013,2,100,"2013-IS","Almacén","Almacén",231.41,233.80,2948,0.44,1.78,0.77,,
"Tucuman","2013-2",2013,2,120,"2013-IS","Almacén-ConHarina","Almacén",85.18,87.07,537,0.16,0.63,0.10,,
"Tucuman","2013-2",2013,2,130,"2013-IS","Almacén-SinHarina","Almacén",146.23,146.73,2411,0.27,2.46,0.67,,
"Tucuman","2013-2",2013,2,200,"2013-IS","Verdulería","Verdulería",95.78,100.92,901,0.18,-7.39,-1.46,,
"Tucuman","2013-2",2013,2,300,"2013-IS","Carnicería","Carnicería",196.21,196.36,564,0.37,1.97,0.72,,
"Chaco","2013-3",2013,3,1,"2013-IS","CBA","total",533.24,534.94,4763,1.00,1.18,1.18,,
"Chaco","2013-3",2013,3,100,"2013-IS","Almacén","Almacén",237.28,238.71,3132,0.44,1.35,0.60,,
"Chaco","2013-3",2013,3,120,"2013-IS","Almacén-ConHarina","Almacén",84.32,85.90,592,0.15,1.07,0.17,,
"Chaco","2013-3",2013,3,130,"2013-IS","Almacén-SinHarina","Almacén",152.96,152.80,2540,0.28,1.51,0.43,,
"Chaco","2013-3",2013,3,200,"2013-IS","Verdulería","Verdulería",106.36,105.47,989,0.19,2.59,0.51,,
"Chaco","2013-3",2013,3,300,"2013-IS","Carnicería","Carnicería",189.58,190.75,642,0.35,0.20,0.07,,
"Conurbano","2013-3",2013,3,1,"2013-IS","CBA","total",579.87,578.85,7755,1.00,1.47,1.47,25.90,25.90
"Conurbano","2013-3",2013,3,100,"2013-IS","Almacén","Almacén",265.00,262.91,5071,0.45,3.74,1.67,32.85,14.23
"Conurbano","2013-3",2013,3,120,"2013-IS","Almacén-ConHarina","Almacén",110.19,108.28,810,0.19,10.17,1.78,30.50,5.59
"Conurbano","2013-3",2013,3,130,"2013-IS","Almacén-SinHarina","Almacén",154.81,154.62,4261,0.26,-0.38,-0.10,34.58,8.63
"Conurbano","2013-3",2013,3,200,"2013-IS","Verdulería","Verdulería",106.47,107.58,1571,0.18,-5.48,-1.08,38.39,6.41
"Conurbano","2013-3",2013,3,300,"2013-IS","Carnicería","Carnicería",208.39,208.36,1113,0.35,2.47,0.87,13.14,5.25
"Mar del Plata","2013-3",2013,3,1,"2013-IS","CBA","total",525.88,527.53,5479,1.00,-1.07,-1.07,,
"Mar del Plata","2013-3",2013,3,100,"2013-IS","Almacén","Almacén",235.54,235.59,3894,0.44,0.63,0.27,,
"Mar del Plata","2013-3",2013,3,120,"2013-IS","Almacén-ConHarina","Almacén",92.52,93.22,723,0.17,1.57,0.26,,
"Mar del Plata","2013-3",2013,3,130,"2013-IS","Almacén-SinHarina","Almacén",143.02,142.36,3171,0.27,0.02,7.96861957614167e-03,,
"Mar del Plata","2013-3",2013,3,200,"2013-IS","Verdulería","Verdulería",90.53,91.64,1095,0.17,-6.04,-1.09,,
"Mar del Plata","2013-3",2013,3,300,"2013-IS","Carnicería","Carnicería",199.80,200.29,490,0.37,-0.68,-0.26,,
"Salta","2013-3",2013,3,1,"2013-IS","CBA","total",549.13,546.99,5152,1.00,2.30,2.30,,
"Salta","2013-3",2013,3,100,"2013-IS","Almacén","Almacén",230.27,231.53,3829,0.41,1.17,0.49,,
"Salta","2013-3",2013,3,120,"2013-IS","Almacén-ConHarina","Almacén",96.15,98.17,681,0.17,0.43,0.07,,
"Salta","2013-3",2013,3,130,"2013-IS","Almacén-SinHarina","Almacén",134.12,133.35,3148,0.24,1.70,0.41,,
"Salta","2013-3",2013,3,200,"2013-IS","Verdulería","Verdulería",93.60,92.90,961,0.17,-1.76,-0.31,,
"Salta","2013-3",2013,3,300,"2013-IS","Carnicería","Carnicería",225.24,222.54,362,0.41,5.31,2.11,,
"Tucuman","2013-3",2013,3,1,"2013-IS","CBA","total",546.32,547.09,4394,1.00,4.37,4.37,,
"Tucuman","2013-3",2013,3,100,"2013-IS","Almacén","Almacén",239.86,241.96,2769,0.43,3.64,1.61,,
"Tucuman","2013-3",2013,3,120,"2013-IS","Almacén-ConHarina","Almacén",92.18,93.04,507,0.16,8.21,1.33,,
"Tucuman","2013-3",2013,3,130,"2013-IS","Almacén-SinHarina","Almacén",147.67,148.92,2262,0.27,0.98,0.27,,
"Tucuman","2013-3",2013,3,200,"2013-IS","Verdulería","Verdulería",100.47,101.20,1025,0.18,4.88,0.89,,
"Tucuman","2013-3",2013,3,300,"2013-IS","Carnicería","Carnicería",205.98,203.91,600,0.37,4.98,1.86,,
"Chaco","2013-4",2013,4,1,"2013-IS","CBA","total",540.78,540.61,4840,1.00,1.41,1.41,,
"Chaco","2013-4",2013,4,100,"2013-IS","Almacén","Almacén",239.59,240.64,3135,0.44,0.97,0.43,,
"Chaco","2013-4",2013,4,120,"2013-IS","Almacén-ConHarina","Almacén",86.46,86.87,604,0.15,2.52,0.40,,
"Chaco","2013-4",2013,4,130,"2013-IS","Almacén-SinHarina","Almacén",153.13,153.77,2531,0.28,0.11,0.03,,
"Chaco","2013-4",2013,4,200,"2013-IS","Verdulería","Verdulería",112.69,112.21,1048,0.20,5.95,1.18,,
"Chaco","2013-4",2013,4,300,"2013-IS","Carnicería","Carnicería",188.49,187.75,657,0.34,-0.57,-0.20,,
"Conurbano","2013-4",2013,4,1,"2013-IS","CBA","total",570.27,572.93,5168,1.00,-1.65,-1.65,18.40,18.40
"Conurbano","2013-4",2013,4,100,"2013-IS","Almacén","Almacén",264.39,265.28,3525,0.46,-0.22,-0.10,24.27,10.72
"Conurbano","2013-4",2013,4,120,"2013-IS","Almacén-ConHarina","Almacén",107.29,108.73,599,0.18,-2.62,-0.49,24.34,4.36
"Conurbano","2013-4",2013,4,130,"2013-IS","Almacén-SinHarina","Almacén",157.09,156.55,2926,0.27,1.47,0.39,24.23,6.36
"Conurbano","2013-4",2013,4,200,"2013-IS","Verdulería","Verdulería",100.77,103.45,969,0.17,-5.35,-0.98,29.34,4.74
"Conurbano","2013-4",2013,4,300,"2013-IS","Carnicería","Carnicería",205.10,204.18,674,0.35,-1.57,-0.56,7.40,2.93
"Mar del Plata","2013-4",2013,4,1,"2013-IS","CBA","total",529.67,531.59,5224,1.00,0.72,0.72,,
"Mar del Plata","2013-4",2013,4,100,"2013-IS","Almacén","Almacén",239.15,239.40,3592,0.45,1.53,0.68,,
"Mar del Plata","2013-4",2013,4,120,"2013-IS","Almacén-ConHarina","Almacén",94.02,92.80,680,0.17,1.62,0.28,,
"Mar del Plata","2013-4",2013,4,130,"2013-IS","Almacén-SinHarina","Almacén",145.12,146.60,2912,0.27,1.47,0.39,,
"Mar del Plata","2013-4",2013,4,200,"2013-IS","Verdulería","Verdulería",90.12,92.42,1121,0.17,-0.45,-0.07,,
"Mar del Plata","2013-4",2013,4,300,"2013-IS","Carnicería","Carnicería",200.40,199.76,511,0.37,0.30,0.11,,
"Salta","2013-4",2013,4,1,"2013-IS","CBA","total",542.63,546.82,4089,1.00,-1.18,-1.18,,
"Salta","2013-4",2013,4,100,"2013-IS","Almacén","Almacén",235.09,237.19,2956,0.43,2.09,0.87,,
"Salta","2013-4",2013,4,120,"2013-IS","Almacén-ConHarina","Almacén",99.75,100.42,535,0.18,3.74,0.65,,
"Salta","2013-4",2013,4,130,"2013-IS","Almacén-SinHarina","Almacén",135.34,136.76,2421,0.24,0.91,0.22,,
"Salta","2013-4",2013,4,200,"2013-IS","Verdulería","Verdulería",91.61,92.47,815,0.16,-2.12,-0.36,,
"Salta","2013-4",2013,4,300,"2013-IS","Carnicería","Carnicería",215.92,217.15,318,0.39,-4.14,-1.69,,
"Tucuman","2013-4",2013,4,1,"2013-IS","CBA","total",551.85,559.62,4223,1.00,1.01,1.01,,
"Tucuman","2013-4",2013,4,100,"2013-IS","Almacén","Almacén",247.37,249.53,2669,0.44,3.13,1.37,,
"Tucuman","2013-4",2013,4,120,"2013-IS","Almacén-ConHarina","Almacén",93.66,95.97,447,0.16,1.60,0.27,,
"Tucuman","2013-4",2013,4,130,"2013-IS","Almacén-SinHarina","Almacén",153.71,153.55,2222,0.27,4.08,1.10,,
"Tucuman","2013-4",2013,4,200,"2013-IS","Verdulería","Verdulería",98.46,103.23,973,0.17,-1.99,-0.36,,
"Tucuman","2013-4",2013,4,300,"2013-IS","Carnicería","Carnicería",206.00,206.85,581,0.37,7.60962617711414e-03,2.86919512985031e-03,,
"Chaco","2013-5",2013,5,1,"2013-IS","CBA","total",548.79,547.75,5040,1.00,1.48,1.48,,
"Chaco","2013-5",2013,5,100,"2013-IS","Almacén","Almacén",250.28,250.18,3292,0.45,4.46,1.97,,
"Chaco","2013-5",2013,5,120,"2013-IS","Almacén-ConHarina","Almacén",93.75,93.83,617,0.17,8.43,1.34,,
"Chaco","2013-5",2013,5,130,"2013-IS","Almacén-SinHarina","Almacén",156.53,156.34,2675,0.28,2.22,0.62,,
"Chaco","2013-5",2013,5,200,"2013-IS","Verdulería","Verdulería",104.91,106.74,1111,0.19,-6.90,-1.43,,
"Chaco","2013-5",2013,5,300,"2013-IS","Carnicería","Carnicería",193.58,190.83,637,0.35,2.70,0.94,,
"Conurbano","2013-5",2013,5,1,"2013-IS","CBA","total",585.39,590.68,7227,1.00,2.64,2.64,20.74,20.74
"Conurbano","2013-5",2013,5,100,"2013-IS","Almacén","Almacén",274.61,279.90,4882,0.46,3.86,1.79,30.19,13.13
"Conurbano","2013-5",2013,5,120,"2013-IS","Almacén-ConHarina","Almacén",113.95,117.66,839,0.19,6.20,1.16,36.12,6.23
"Conurbano","2013-5",2013,5,130,"2013-IS","Almacén-SinHarina","Almacén",160.66,162.23,4043,0.27,2.26,0.62,26.28,6.89
"Conurbano","2013-5",2013,5,200,"2013-IS","Verdulería","Verdulería",101.51,102.58,1422,0.17,0.72,0.12,22.24,3.81
"Conurbano","2013-5",2013,5,300,"2013-IS","Carnicería","Carnicería",209.26,208.20,923,0.35,2.02,0.72,9.65,3.79
"Mar del Plata","2013-5",2013,5,1,"2013-IS","CBA","total",544.70,546.52,5205,1.00,2.83,2.83,,
"Mar del Plata","2013-5",2013,5,100,"2013-IS","Almacén","Almacén",257.07,255.71,3617,0.47,7.49,3.38,,
"Mar del Plata","2013-5",2013,5,120,"2013-IS","Almacén-ConHarina","Almacén",100.28,99.84,684,0.18,6.66,1.18,,
"Mar del Plata","2013-5",2013,5,130,"2013-IS","Almacén-SinHarina","Almacén",156.78,155.87,2933,0.28,8.03,2.20,,
"Mar del Plata","2013-5",2013,5,200,"2013-IS","Verdulería","Verdulería",90.60,93.56,1103,0.16,0.53,0.09,,
"Mar del Plata","2013-5",2013,5,300,"2013-IS","Carnicería","Carnicería",197.02,197.24,485,0.36,-1.68,-0.63,,
"Salta","2013-5",2013,5,1,"2013-IS","CBA","total",569.68,569.01,4853,1.00,4.98,4.98,,
"Salta","2013-5",2013,5,100,"2013-IS","Almacén","Almacén",257.81,258.07,3702,0.45,9.66,4.18,,
"Salta","2013-5",2013,5,120,"2013-IS","Almacén-ConHarina","Almacén",114.48,115.56,626,0.20,14.77,2.71,,
"Salta","2013-5",2013,5,130,"2013-IS","Almacén-SinHarina","Almacén",143.32,142.50,3076,0.25,5.89,1.47,,
"Salta","2013-5",2013,5,200,"2013-IS","Verdulería","Verdulería",91.12,90.44,716,0.15,-0.54,-0.09,,
"Salta","2013-5",2013,5,300,"2013-IS","Carnicería","Carnicería",220.74,220.49,435,0.38,2.23,0.88,,
"Tucuman","2013-5",2013,5,1,"2013-IS","CBA","total",572.56,575.46,4515,1.00,3.75,3.75,26.60,26.60
"Tucuman","2013-5",2013,5,100,"2013-IS","Almacén","Almacén",267.26,268.51,2974,0.46,8.04,3.60,40.61,17.06
"Tucuman","2013-5",2013,5,120,"2013-IS","Almacén-ConHarina","Almacén",106.99,108.34,547,0.18,14.24,2.41,55.23,8.41
"Tucuman","2013-5",2013,5,130,"2013-IS","Almacén-SinHarina","Almacén",160.27,160.17,2427,0.27,4.26,1.18,32.29,8.65
"Tucuman","2013-5",2013,5,200,"2013-IS","Verdulería","Verdulería",97.59,99.53,951,0.17,-0.88,-0.15,24.73,4.27
"Tucuman","2013-5",2013,5,300,"2013-IS","Carnicería","Carnicería",207.69,207.41,590,0.36,0.81,0.30,12.91,5.25
"Chaco","2013-6",2013,6,1,"2013-IS","CBA","total",555.09,553.41,4466,1.00,1.14,1.14,,
"Chaco","2013-6",2013,6,100,"2013-IS","Almacén","Almacén",269.94,268.11,2841,0.48,7.85,3.58,,
"Chaco","2013-6",2013,6,120,"2013-IS","Almacén-ConHarina","Almacén",108.65,107.80,540,0.19,15.89,2.71,,
"Chaco","2013-6",2013,6,130,"2013-IS","Almacén-SinHarina","Almacén",161.29,160.30,2301,0.29,3.03,0.86,,
"Chaco","2013-6",2013,6,200,"2013-IS","Verdulería","Verdulería",91.95,93.28,1034,0.16,-12.35,-2.36,,
"Chaco","2013-6",2013,6,300,"2013-IS","Carnicería","Carnicería",193.19,192.01,591,0.34,-0.20,-0.07,,
"Conurbano","2013-6",2013,6,1,"2013-IS","CBA","total",604.63,605.46,6961,1.00,3.28,3.28,22.68,22.68
"Conurbano","2013-6",2013,6,100,"2013-IS","Almacén","Almacén",299.22,297.38,4585,0.49,8.96,4.20,37.16,16.45
"Conurbano","2013-6",2013,6,120,"2013-IS","Almacén-ConHarina","Almacén",135.06,132.98,827,0.22,18.52,3.60,55.23,9.75
"Conurbano","2013-6",2013,6,130,"2013-IS","Almacén-SinHarina","Almacén",164.15,164.39,3758,0.27,2.17,0.59,25.18,6.70
"Conurbano","2013-6",2013,6,200,"2013-IS","Verdulería","Verdulería",99.28,103.02,1418,0.16,-2.18,-0.37,16.70,2.88
"Conurbano","2013-6",2013,6,300,"2013-IS","Carnicería","Carnicería",206.12,205.05,958,0.34,-1.49,-0.53,8.70,3.34
"Corrientes","2013-6",2013,6,1,"2013-IS","CBA","total",518.96,527.70,3240,1.00,,,,
"Corrientes","2013-6",2013,6,100,"2013-IS","Almacén","Almacén",263.83,269.44,2286,0.50,,,,
"Corrientes","2013-6",2013,6,120,"2013-IS","Almacén-ConHarina","Almacén",104.00,106.38,440,0.20,,,,
"Corrientes","2013-6",2013,6,130,"2013-IS","Almacén-SinHarina","Almacén",159.82,163.05,1846,0.30,,,,
"Corrientes","2013-6",2013,6,200,"2013-IS","Verdulería","Verdulería",95.32,96.36,619,0.18,,,,
"Corrientes","2013-6",2013,6,300,"2013-IS","Carnicería","Carnicería",159.80,161.89,335,0.30,,,,
"Mar del Plata","2013-6",2013,6,1,"2013-IS","CBA","total",565.77,561.13,5114,1.00,3.86,3.86,,
"Mar del Plata","2013-6",2013,6,100,"2013-IS","Almacén","Almacén",275.58,270.84,3614,0.48,7.19,3.39,,
"Mar del Plata","2013-6",2013,6,120,"2013-IS","Almacén-ConHarina","Almacén",119.23,116.95,669,0.21,18.89,3.47,,
"Mar del Plata","2013-6",2013,6,130,"2013-IS","Almacén-SinHarina","Almacén",156.34,153.89,2945,0.27,-0.28,-0.08,,
"Mar del Plata","2013-6",2013,6,200,"2013-IS","Verdulería","Verdulería",90.05,91.12,1032,0.15,-0.60,-0.10,,
"Mar del Plata","2013-6",2013,6,300,"2013-IS","Carnicería","Carnicería",200.13,199.16,468,0.35,1.57,0.56,,
"Salta","2013-6",2013,6,1,"2013-IS","CBA","total",568.23,575.61,4849,1.00,-0.25,-0.25,,
"Salta","2013-6",2013,6,100,"2013-IS","Almacén","Almacén",263.59,267.73,3455,0.46,2.24,1.01,,
"Salta","2013-6",2013,6,120,"2013-IS","Almacén-ConHarina","Almacén",119.07,124.03,602,0.20,4.00,0.80,,
"Salta","2013-6",2013,6,130,"2013-IS","Almacén-SinHarina","Almacén",144.52,143.69,2853,0.25,0.83,0.20,,
"Salta","2013-6",2013,6,200,"2013-IS","Verdulería","Verdulería",83.62,86.94,887,0.14,-8.22,-1.31,,
"Salta","2013-6",2013,6,300,"2013-IS","Carnicería","Carnicería",221.01,220.94,507,0.38,0.12,0.04,,
"Tucuman","2013-6",2013,6,1,"2013-IS","CBA","total",585.46,584.41,4455,1.00,2.25,2.25,24.96,24.96
"Tucuman","2013-6",2013,6,100,"2013-IS","Almacén","Almacén",284.30,285.24,2889,0.48,6.37,2.97,45.47,18.96
"Tucuman","2013-6",2013,6,120,"2013-IS","Almacén-ConHarina","Almacén",118.30,118.53,503,0.20,10.57,1.97,61.61,9.62
"Tucuman","2013-6",2013,6,130,"2013-IS","Almacén-SinHarina","Almacén",165.99,166.71,2386,0.28,3.57,0.99,35.80,9.34
"Tucuman","2013-6",2013,6,200,"2013-IS","Verdulería","Verdulería",90.37,91.27,957,0.15,-7.40,-1.26,12.14,2.08
"Tucuman","2013-6",2013,6,300,"2013-IS","Carnicería","Carnicería",210.78,207.88,609,0.36,1.49,0.54,9.50,3.90
"Chaco","2013-7",2013,7,1,"2013-IIS","CBA","total",568.74,568.65,4641,1.00,2.45,2.45,28.23,28.23
"Chaco","2013-7",2013,7,100,"2013-IIS","Almacén","Almacén",280.62,280.59,3061,0.49,3.95,1.92,44.14,19.37
"Chaco","2013-7",2013,7,120,"2013-IIS","Almacén-ConHarina","Almacén",117.81,116.42,582,0.20,8.43,1.65,78.66,11.69
"Chaco","2013-7",2013,7,130,"2013-IIS","Almacén-SinHarina","Almacén",162.80,164.16,2479,0.28,0.93,0.27,26.46,7.68
"Chaco","2013-7",2013,7,200,"2013-IIS","Verdulería","Verdulería",95.31,94.84,979,0.16,3.65,0.60,15.47,2.88
"Chaco","2013-7",2013,7,300,"2013-IIS","Carnicería","Carnicería",192.80,193.21,601,0.33,-0.20,-0.06,15.93,5.97
"Conurbano","2013-7",2013,7,1,"2013-IIS","CBA","total",634.01,636.85,7164,1.00,4.85,4.85,28.17,28.17
"Conurbano","2013-7",2013,7,100,"2013-IIS","Almacén","Almacén",324.05,321.96,4666,0.51,8.29,4.10,48.14,21.28
"Conurbano","2013-7",2013,7,120,"2013-IIS","Almacén-ConHarina","Almacén",146.85,142.86,854,0.23,8.72,1.94,72.91,12.51
"Conurbano","2013-7",2013,7,130,"2013-IIS","Almacén-SinHarina","Almacén",177.19,179.10,3812,0.27,7.94,2.15,32.42,8.77
"Conurbano","2013-7",2013,7,200,"2013-IIS","Verdulería","Verdulería",104.61,110.49,1480,0.16,5.36,0.88,22.12,3.83
"Conurbano","2013-7",2013,7,300,"2013-IIS","Carnicería","Carnicería",205.34,204.39,1018,0.32,-0.38,-0.12,7.92,3.05
"Corrientes","2013-7",2013,7,1,"2013-IIS","CBA","total",535.40,548.88,3398,1.00,3.16,3.16,,
"Corrientes","2013-7",2013,7,100,"2013-IIS","Almacén","Almacén",286.67,291.56,2456,0.53,8.65,4.40,,
"Corrientes","2013-7",2013,7,120,"2013-IIS","Almacén-ConHarina","Almacén",114.51,116.79,458,0.21,10.10,2.02,,
"Corrientes","2013-7",2013,7,130,"2013-IIS","Almacén-SinHarina","Almacén",172.15,174.77,1998,0.32,7.71,2.37,,
"Corrientes","2013-7",2013,7,200,"2013-IIS","Verdulería","Verdulería",93.28,97.50,589,0.17,-2.13,-0.39,,
"Corrientes","2013-7",2013,7,300,"2013-IIS","Carnicería","Carnicería",155.44,159.80,353,0.29,-2.72,-0.84,,
"Mar del Plata","2013-7",2013,7,1,"2013-IIS","CBA","total",562.75,572.04,5091,1.00,-0.53,-0.53,,
"Mar del Plata","2013-7",2013,7,100,"2013-IIS","Almacén","Almacén",279.26,283.71,3582,0.49,1.33,0.65,,
"Mar del Plata","2013-7",2013,7,120,"2013-IIS","Almacén-ConHarina","Almacén",119.82,122.83,650,0.21,0.49,0.10,,
"Mar del Plata","2013-7",2013,7,130,"2013-IIS","Almacén-SinHarina","Almacén",159.44,160.87,2932,0.28,1.98,0.54,,
"Mar del Plata","2013-7",2013,7,200,"2013-IIS","Verdulería","Verdulería",91.86,96.85,1014,0.16,2.00,0.31,,
"Mar del Plata","2013-7",2013,7,300,"2013-IIS","Carnicería","Carnicería",191.62,191.47,495,0.34,-4.24,-1.50,,
"Salta","2013-7",2013,7,1,"2013-IIS","CBA","total",593.56,601.66,4690,1.00,4.45,4.45,,
"Salta","2013-7",2013,7,100,"2013-IIS","Almacén","Almacén",281.84,287.50,3843,0.47,6.92,3.21,,
"Salta","2013-7",2013,7,120,"2013-IIS","Almacén-ConHarina","Almacén",133.32,136.49,652,0.22,11.97,2.50,,
"Salta","2013-7",2013,7,130,"2013-IIS","Almacén-SinHarina","Almacén",148.52,151.01,3191,0.25,2.76,0.70,,
"Salta","2013-7",2013,7,200,"2013-IIS","Verdulería","Verdulería",87.93,92.54,535,0.14,5.15,0.75,,
"Salta","2013-7",2013,7,300,"2013-IIS","Carnicería","Carnicería",223.78,221.61,312,0.37,1.25,0.48,,
"Tucuman","2013-7",2013,7,1,"2013-IIS","CBA","total",593.78,593.88,4362,1.00,1.42,1.42,26.34,26.34
"Tucuman","2013-7",2013,7,100,"2013-IIS","Almacén","Almacén",289.49,290.74,2889,0.48,1.82,0.88,44.56,18.98
"Tucuman","2013-7",2013,7,120,"2013-IIS","Almacén-ConHarina","Almacén",120.52,121.00,528,0.20,1.87,0.37,62.58,9.87
"Tucuman","2013-7",2013,7,130,"2013-IIS","Almacén-SinHarina","Almacén",168.96,169.74,2361,0.28,1.79,0.50,33.96,9.11
"Tucuman","2013-7",2013,7,200,"2013-IIS","Verdulería","Verdulería",99.34,98.99,938,0.16,9.93,1.53,26.60,4.44
"Tucuman","2013-7",2013,7,300,"2013-IIS","Carnicería","Carnicería",204.94,204.14,535,0.34,-2.77,-0.99,7.16,2.91
"Chaco","2013-8",2013,8,1,"2013-IIS","CBA","total",583.17,585.43,4564,1.00,2.53,2.53,24.52,24.52
"Chaco","2013-8",2013,8,100,"2013-IIS","Almacén","Almacén",293.17,295.22,2976,0.50,4.47,2.20,43.89,19.09
"Chaco","2013-8",2013,8,120,"2013-IIS","Almacén-ConHarina","Almacén",122.15,124.97,566,0.20,3.68,0.76,78.97,11.51
"Chaco","2013-8",2013,8,130,"2013-IIS","Almacén-SinHarina","Almacén",171.02,170.25,2410,0.29,5.04,1.44,26.22,7.58
"Chaco","2013-8",2013,8,200,"2013-IIS","Verdulería","Verdulería",99.58,99.33,959,0.17,4.47,0.75,2.70,0.55
"Chaco","2013-8",2013,8,300,"2013-IIS","Carnicería","Carnicería",190.41,190.87,629,0.32,-1.23,-0.42,13.61,4.87
"Conurbano","2013-8",2013,8,1,"2013-IIS","CBA","total",634.61,633.62,7806,1.00,0.09,0.09,20.84,20.84
"Conurbano","2013-8",2013,8,100,"2013-IIS","Almacén","Almacén",322.52,318.26,5210,0.50,-0.47,-0.24,43.15,18.51
"Conurbano","2013-8",2013,8,120,"2013-IIS","Almacén-ConHarina","Almacén",146.53,142.82,953,0.23,-0.21,-0.05,65.63,11.05
"Conurbano","2013-8",2013,8,130,"2013-IIS","Almacén-SinHarina","Almacén",175.98,175.44,4257,0.27,-0.68,-0.19,28.61,7.45
"Conurbano","2013-8",2013,8,200,"2013-IIS","Verdulería","Verdulería",108.31,111.58,1619,0.17,3.53,0.58,0.07,0.01
"Conurbano","2013-8",2013,8,300,"2013-IIS","Carnicería","Carnicería",203.77,203.76,977,0.32,-0.76,-0.24,6.34,2.31
"Corrientes","2013-8",2013,8,1,"2013-IIS","CBA","total",560.70,566.77,3336,1.00,4.72,4.72,,
"Corrientes","2013-8",2013,8,100,"2013-IIS","Almacén","Almacén",299.06,302.36,2426,0.53,4.32,2.31,,
"Corrientes","2013-8",2013,8,120,"2013-IIS","Almacén-ConHarina","Almacén",116.16,116.61,470,0.20,1.43,0.30,,
"Corrientes","2013-8",2013,8,130,"2013-IIS","Almacén-SinHarina","Almacén",182.90,185.75,1956,0.32,6.24,2.00,,
"Corrientes","2013-8",2013,8,200,"2013-IIS","Verdulería","Verdulería",99.99,99.65,539,0.17,7.19,1.25,,
"Corrientes","2013-8",2013,8,300,"2013-IIS","Carnicería","Carnicería",161.64,164.75,371,0.28,3.99,1.15,,
"Mar del Plata","2013-8",2013,8,1,"2013-IIS","CBA","total",567.24,570.60,4887,1.00,0.79,0.79,,
"Mar del Plata","2013-8",2013,8,100,"2013-IIS","Almacén","Almacén",285.94,288.80,3400,0.50,2.38,1.18,,
"Mar del Plata","2013-8",2013,8,120,"2013-IIS","Almacén-ConHarina","Almacén",124.43,126.53,624,0.21,3.84,0.81,,
"Mar del Plata","2013-8",2013,8,130,"2013-IIS","Almacén-SinHarina","Almacén",161.50,162.26,2776,0.28,1.29,0.36,,
"Mar del Plata","2013-8",2013,8,200,"2013-IIS","Verdulería","Verdulería",97.90,98.85,1014,0.17,6.57,1.07,,
"Mar del Plata","2013-8",2013,8,300,"2013-IIS","Carnicería","Carnicería",183.39,182.94,473,0.32,-4.29,-1.46,,
"Salta","2013-8",2013,8,1,"2013-IIS","CBA","total",597.97,605.08,4168,1.00,0.74,0.74,,
"Salta","2013-8",2013,8,100,"2013-IIS","Almacén","Almacén",282.14,288.45,3022,0.47,0.10,0.04,,
"Salta","2013-8",2013,8,120,"2013-IIS","Almacén-ConHarina","Almacén",132.97,136.66,521,0.22,-0.26,-0.05,,
"Salta","2013-8",2013,8,130,"2013-IIS","Almacén-SinHarina","Almacén",149.16,151.79,2501,0.24,0.43,0.10,,
"Salta","2013-8",2013,8,200,"2013-IIS","Verdulería","Verdulería",97.94,98.57,786,0.16,11.38,1.68,,
"Salta","2013-8",2013,8,300,"2013-IIS","Carnicería","Carnicería",217.88,218.05,360,0.36,-2.63,-0.99,,
"Tucuman","2013-8",2013,8,1,"2013-IIS","CBA","total",610.25,610.57,4486,1.00,2.77,2.77,21.60,21.60
"Tucuman","2013-8",2013,8,100,"2013-IIS","Almacén","Almacén",308.38,307.37,2848,0.50,6.52,3.18,45.62,19.25
"Tucuman","2013-8",2013,8,120,"2013-IIS","Almacén-ConHarina","Almacén",123.72,122.46,530,0.20,2.65,0.53,52.07,8.44
"Tucuman","2013-8",2013,8,130,"2013-IIS","Almacén-SinHarina","Almacén",184.66,184.90,2318,0.30,9.29,2.64,41.61,10.81
"Tucuman","2013-8",2013,8,200,"2013-IIS","Verdulería","Verdulería",95.15,96.54,1040,0.15,-4.22,-0.70,-3.96,-0.78
"Tucuman","2013-8",2013,8,300,"2013-IIS","Carnicería","Carnicería",206.71,206.66,598,0.33,0.86,0.29,8.22,3.13
"Chaco","2013-9",2013,9,1,"2013-IIS","CBA","total",598.91,604.46,4817,1.00,2.69,2.69,26.26,26.26
"Chaco","2013-9",2013,9,100,"2013-IIS","Almacén","Almacén",294.93,297.37,3005,0.49,0.59,0.30,43.96,18.98
"Chaco","2013-9",2013,9,120,"2013-IIS","Almacén-ConHarina","Almacén",122.54,124.04,556,0.20,0.31,0.06,74.41,11.02
"Chaco","2013-9",2013,9,130,"2013-IIS","Almacén-SinHarina","Almacén",172.39,173.32,2449,0.28,0.79,0.23,28.07,7.96
"Chaco","2013-9",2013,9,200,"2013-IIS","Verdulería","Verdulería",108.04,109.43,1134,0.18,8.49,1.45,8.63,1.81
"Chaco","2013-9",2013,9,300,"2013-IIS","Carnicería","Carnicería",195.93,197.66,678,0.32,2.90,0.94,15.26,5.46
"Conurbano","2013-9",2013,9,1,"2013-IIS","CBA","total",643.62,642.30,6767,1.00,1.42,1.42,21.86,21.86
"Conurbano","2013-9",2013,9,100,"2013-IIS","Almacén","Almacén",323.98,321.72,4543,0.50,0.45,0.22,37.87,16.84
"Conurbano","2013-9",2013,9,120,"2013-IIS","Almacén-ConHarina","Almacén",148.01,145.09,830,0.22,1.01,0.23,56.18,10.08
"Conurbano","2013-9",2013,9,130,"2013-IIS","Almacén-SinHarina","Almacén",175.96,176.62,3713,0.27,-0.01,-3.77907573105987e-03,25.49,6.76
"Conurbano","2013-9",2013,9,200,"2013-IIS","Verdulería","Verdulería",111.95,114.29,1352,0.17,3.35,0.57,12.33,2.32
"Conurbano","2013-9",2013,9,300,"2013-IIS","Carnicería","Carnicería",207.69,206.28,872,0.32,1.92,0.61,7.33,2.68
"Corrientes","2013-9",2013,9,1,"2013-IIS","CBA","total",566.77,586.55,3002,1.00,1.08,1.08,,
"Corrientes","2013-9",2013,9,100,"2013-IIS","Almacén","Almacén",293.52,301.91,2073,0.51,-1.84,-0.98,,
"Corrientes","2013-9",2013,9,120,"2013-IIS","Almacén-ConHarina","Almacén",113.12,116.46,403,0.19,-2.61,-0.54,,
"Corrientes","2013-9",2013,9,130,"2013-IIS","Almacén-SinHarina","Almacén",180.40,185.44,1670,0.31,-1.36,-0.44,,
"Corrientes","2013-9",2013,9,200,"2013-IIS","Verdulería","Verdulería",109.25,113.32,588,0.19,9.25,1.65,,
"Corrientes","2013-9",2013,9,300,"2013-IIS","Carnicería","Carnicería",163.99,171.30,341,0.28,1.44,0.41,,
"Mar del Plata","2013-9",2013,9,1,"2013-IIS","CBA","total",582.18,582.53,4672,1.00,2.63,2.63,22.65,22.65
"Mar del Plata","2013-9",2013,9,100,"2013-IIS","Almacén","Almacén",285.59,290.14,3189,0.49,-0.12,-0.06,46.80,19.18
"Mar del Plata","2013-9",2013,9,120,"2013-IIS","Almacén-ConHarina","Almacén",122.38,124.22,585,0.21,-1.65,-0.36,67.73,10.41
"Mar del Plata","2013-9",2013,9,130,"2013-IIS","Almacén-SinHarina","Almacén",163.21,165.91,2604,0.28,1.05,0.30,34.23,8.77
"Mar del Plata","2013-9",2013,9,200,"2013-IIS","Verdulería","Verdulería",103.05,103.04,1011,0.17,5.25,0.90,9.22,1.83
"Mar del Plata","2013-9",2013,9,300,"2013-IIS","Carnicería","Carnicería",193.54,189.34,472,0.33,5.53,1.78,4.19,1.64
"Salta","2013-9",2013,9,1,"2013-IIS","CBA","total",630.26,635.73,4290,1.00,5.40,5.40,30.46,30.46
"Salta","2013-9",2013,9,100,"2013-IIS","Almacén","Almacén",296.08,298.30,3146,0.46,4.94,2.33,52.41,21.07
"Salta","2013-9",2013,9,120,"2013-IIS","Almacén-ConHarina","Almacén",138.69,138.14,548,0.22,4.30,0.95,74.34,12.24
"Salta","2013-9",2013,9,130,"2013-IIS","Almacén-SinHarina","Almacén",157.38,160.16,2598,0.24,5.51,1.37,37.21,8.83
"Salta","2013-9",2013,9,200,"2013-IIS","Verdulería","Verdulería",109.24,115.85,733,0.17,11.53,1.88,28.98,5.08
"Salta","2013-9",2013,9,300,"2013-IIS","Carnicería","Carnicería",224.93,221.57,411,0.35,3.23,1.17,10.19,4.30
"Tucuman","2013-9",2013,9,1,"2013-IIS","CBA","total",611.57,611.10,4508,1.00,0.21,0.21,23.78,23.78
"Tucuman","2013-9",2013,9,100,"2013-IIS","Almacén","Almacén",296.11,293.92,2946,0.48,-3.98,-2.01,45.72,18.80
"Tucuman","2013-9",2013,9,120,"2013-IIS","Almacén-ConHarina","Almacén",123.45,121.57,530,0.20,-0.21,-0.04,62.87,9.64
"Tucuman","2013-9",2013,9,130,"2013-IIS","Almacén-SinHarina","Almacén",172.66,172.34,2416,0.28,-6.50,-1.96,35.52,9.16
"Tucuman","2013-9",2013,9,200,"2013-IIS","Verdulería","Verdulería",105.64,107.88,1003,0.17,11.02,1.71,4.61,0.94
"Tucuman","2013-9",2013,9,300,"2013-IIS","Carnicería","Carnicería",209.80,209.29,559,0.34,1.49,0.50,10.50,4.03
"Chaco","2013-10",2013,10,1,"2013-IIS","CBA","total",630.54,634.35,4473,1.00,5.28,5.28,32.42,32.42
"Chaco","2013-10",2013,10,100,"2013-IIS","Almacén","Almacén",309.54,310.78,2866,0.49,4.95,2.43,48.21,21.14
"Chaco","2013-10",2013,10,120,"2013-IIS","Almacén-ConHarina","Almacén",133.91,132.56,555,0.21,9.28,1.89,87.28,13.10
"Chaco","2013-10",2013,10,130,"2013-IIS","Almacén-SinHarina","Almacén",175.62,178.22,2311,0.27,1.87,0.54,27.87,8.04
"Chaco","2013-10",2013,10,200,"2013-IIS","Verdulería","Verdulería",120.36,124.05,1011,0.19,11.39,2.05,27.34,5.42
"Chaco","2013-10",2013,10,300,"2013-IIS","Carnicería","Carnicería",200.64,199.50,596,0.31,2.40,0.78,16.10,5.84
"Conurbano","2013-10",2013,10,1,"2013-IIS","CBA","total",681.84,682.63,6923,1.00,5.93,5.93,28.54,28.54
"Conurbano","2013-10",2013,10,100,"2013-IIS","Almacén","Almacén",344.44,344.57,4617,0.50,6.31,3.17,46.02,20.46
"Conurbano","2013-10",2013,10,120,"2013-IIS","Almacén-ConHarina","Almacén",161.49,159.46,843,0.23,9.10,2.09,69.55,12.48
"Conurbano","2013-10",2013,10,130,"2013-IIS","Almacén-SinHarina","Almacén",182.94,185.11,3774,0.26,3.96,1.08,30.09,7.97
"Conurbano","2013-10",2013,10,200,"2013-IIS","Verdulería","Verdulería",126.02,128.70,1440,0.18,12.56,2.18,20.72,4.07
"Conurbano","2013-10",2013,10,300,"2013-IIS","Carnicería","Carnicería",211.37,209.35,866,0.31,1.77,0.57,11.14,3.99
"Corrientes","2013-10",2013,10,1,"2013-IIS","CBA","total",594.90,605.80,2681,1.00,4.96,4.96,,
"Corrientes","2013-10",2013,10,100,"2013-IIS","Almacén","Almacén",305.22,310.37,1872,0.51,3.98,2.06,,
"Corrientes","2013-10",2013,10,120,"2013-IIS","Almacén-ConHarina","Almacén",121.32,122.65,362,0.20,7.24,1.44,,
"Corrientes","2013-10",2013,10,130,"2013-IIS","Almacén-SinHarina","Almacén",183.90,187.72,1510,0.30,1.93,0.61,,
"Corrientes","2013-10",2013,10,200,"2013-IIS","Verdulería","Verdulería",116.51,119.11,496,0.19,6.65,1.28,,
"Corrientes","2013-10",2013,10,300,"2013-IIS","Carnicería","Carnicería",173.16,176.31,313,0.29,5.59,1.61,,
"Mar del Plata","2013-10",2013,10,1,"2013-IIS","CBA","total",606.27,611.25,3979,1.00,4.13,4.13,26.85,26.85
"Mar del Plata","2013-10",2013,10,100,"2013-IIS","Almacén","Almacén",295.52,300.92,2727,0.48,3.47,1.70,44.50,19.04
"Mar del Plata","2013-10",2013,10,120,"2013-IIS","Almacén-ConHarina","Almacén",127.51,132.85,493,0.21,4.19,0.88,66.60,10.66
"Mar del Plata","2013-10",2013,10,130,"2013-IIS","Almacén-SinHarina","Almacén",168.00,168.07,2234,0.27,2.93,0.82,31.27,8.37
"Mar del Plata","2013-10",2013,10,200,"2013-IIS","Verdulería","Verdulería",118.37,119.92,862,0.19,14.86,2.63,24.34,4.84
"Mar del Plata","2013-10",2013,10,300,"2013-IIS","Carnicería","Carnicería",192.37,190.39,390,0.31,-0.60,-0.20,7.93,2.95
"Salta","2013-10",2013,10,1,"2013-IIS","CBA","total",671.77,673.52,4356,1.00,6.58,6.58,36.93,36.93
"Salta","2013-10",2013,10,100,"2013-IIS","Almacén","Almacén",321.28,319.29,3391,0.47,8.51,3.99,63.42,25.41
"Salta","2013-10",2013,10,120,"2013-IIS","Almacén-ConHarina","Almacén",160.05,156.06,577,0.23,15.40,3.38,101.70,16.45
"Salta","2013-10",2013,10,130,"2013-IIS","Almacén-SinHarina","Almacén",161.23,163.23,2814,0.24,2.44,0.60,37.51,8.96
"Salta","2013-10",2013,10,200,"2013-IIS","Verdulería","Verdulería",120.14,123.87,596,0.17,9.97,1.72,34.32,6.25
"Salta","2013-10",2013,10,300,"2013-IIS","Carnicería","Carnicería",230.34,230.35,369,0.34,2.40,0.85,12.60,5.25
"Tucuman","2013-10",2013,10,1,"2013-IIS","CBA","total",648.80,650.85,4191,1.00,6.08,6.08,30.16,30.16
"Tucuman","2013-10",2013,10,100,"2013-IIS","Almacén","Almacén",315.31,314.52,2716,0.48,6.48,3.13,49.60,20.97
"Tucuman","2013-10",2013,10,120,"2013-IIS","Almacén-ConHarina","Almacén",138.81,137.44,491,0.21,12.44,2.51,79.34,12.32
"Tucuman","2013-10",2013,10,130,"2013-IIS","Almacén-SinHarina","Almacén",176.50,177.07,2225,0.27,2.22,0.62,32.34,8.65
"Tucuman","2013-10",2013,10,200,"2013-IIS","Verdulería","Verdulería",120.12,124.37,933,0.18,13.70,2.36,24.91,4.80
"Tucuman","2013-10",2013,10,300,"2013-IIS","Carnicería","Carnicería",213.36,211.96,542,0.32,1.69,0.58,11.41,4.38
"Chaco","2013-11",2013,11,1,"2013-IIS","CBA","total",654.97,665.20,4612,1.00,3.87,3.87,32.11,32.11
"Chaco","2013-11",2013,11,100,"2013-IIS","Almacén","Almacén",327.69,331.96,3027,0.50,5.86,2.87,55.61,23.62
"Chaco","2013-11",2013,11,120,"2013-IIS","Almacén-ConHarina","Almacén",142.59,147.66,590,0.21,6.48,1.37,100.47,14.41
"Chaco","2013-11",2013,11,130,"2013-IIS","Almacén-SinHarina","Almacén",185.10,184.29,2437,0.28,5.39,1.50,32.72,9.20
"Chaco","2013-11",2013,11,200,"2013-IIS","Verdulería","Verdulería",120.36,121.01,972,0.18,1.36951921101058e-03,2.61420337776527e-04,10.38,2.28
"Chaco","2013-11",2013,11,300,"2013-IIS","Carnicería","Carnicería",206.91,212.22,613,0.31,3.12,0.99,17.46,6.20
"Conurbano","2013-11",2013,11,1,"2013-IIS","CBA","total",712.84,713.16,6286,1.00,4.54,4.54,31.54,31.54
"Conurbano","2013-11",2013,11,100,"2013-IIS","Almacén","Almacén",363.20,360.90,4159,0.50,5.44,2.75,56.04,24.07
"Conurbano","2013-11",2013,11,120,"2013-IIS","Almacén-ConHarina","Almacén",178.03,171.31,755,0.24,10.24,2.42,105.53,16.86
"Conurbano","2013-11",2013,11,130,"2013-IIS","Almacén-SinHarina","Almacén",185.16,189.58,3404,0.25,1.21,0.32,26.70,7.20
"Conurbano","2013-11",2013,11,200,"2013-IIS","Verdulería","Verdulería",126.34,128.31,1336,0.17,0.25,0.04,8.59,1.84
"Conurbano","2013-11",2013,11,300,"2013-IIS","Carnicería","Carnicería",223.29,223.94,791,0.31,5.63,1.74,15.81,5.62
"Corrientes","2013-11",2013,11,1,"2013-IIS","CBA","total",651.83,663.58,2737,1.00,9.56,9.56,,
"Corrientes","2013-11",2013,11,100,"2013-IIS","Almacén","Almacén",327.04,332.13,1971,0.50,7.14,3.66,,
"Corrientes","2013-11",2013,11,120,"2013-IIS","Almacén-ConHarina","Almacén",132.69,134.26,392,0.20,9.37,1.91,,
"Corrientes","2013-11",2013,11,130,"2013-IIS","Almacén-SinHarina","Almacén",194.34,197.86,1579,0.29,5.68,1.75,,
"Corrientes","2013-11",2013,11,200,"2013-IIS","Verdulería","Verdulería",126.89,129.63,473,0.19,8.90,1.74,,
"Corrientes","2013-11",2013,11,300,"2013-IIS","Carnicería","Carnicería",197.89,201.82,293,0.30,14.27,4.15,,
"Mar del Plata","2013-11",2013,11,1,"2013-IIS","CBA","total",644.44,646.27,4601,1.00,6.29,6.29,29.11,29.11
"Mar del Plata","2013-11",2013,11,100,"2013-IIS","Almacén","Almacén",322.43,325.38,3204,0.50,9.10,4.43,52.32,22.19
"Mar del Plata","2013-11",2013,11,120,"2013-IIS","Almacén-ConHarina","Almacén",151.08,152.04,582,0.23,18.48,3.88,89.51,14.29
"Mar del Plata","2013-11",2013,11,130,"2013-IIS","Almacén-SinHarina","Almacén",171.34,173.33,2622,0.26,1.98,0.55,29.85,7.89
"Mar del Plata","2013-11",2013,11,200,"2013-IIS","Verdulería","Verdulería",114.78,116.41,949,0.17,-3.03,-0.59,7.77,1.65
"Mar del Plata","2013-11",2013,11,300,"2013-IIS","Carnicería","Carnicería",207.22,204.48,448,0.32,7.72,2.44,14.53,5.26
"Salta","2013-11",2013,11,1,"2013-IIS","CBA","total",708.70,714.82,4079,1.00,5.49,5.49,40.84,40.84
"Salta","2013-11",2013,11,100,"2013-IIS","Almacén","Almacén",338.29,342.99,3113,0.47,5.29,2.53,68.45,27.32
"Salta","2013-11",2013,11,120,"2013-IIS","Almacén-ConHarina","Almacén",174.55,177.36,520,0.24,9.05,2.15,118.98,18.84
"Salta","2013-11",2013,11,130,"2013-IIS","Almacén-SinHarina","Almacén",163.74,165.62,2593,0.23,1.56,0.37,35.20,8.47
"Salta","2013-11",2013,11,200,"2013-IIS","Verdulería","Verdulería",126.46,129.17,573,0.17,5.25,0.94,35.84,6.63
"Salta","2013-11",2013,11,300,"2013-IIS","Carnicería","Carnicería",243.94,242.65,393,0.34,5.90,2.02,16.57,6.89
"Tucuman","2013-11",2013,11,1,"2013-IIS","CBA","total",674.59,679.19,4524,1.00,3.97,3.97,35.75,35.75
"Tucuman","2013-11",2013,11,100,"2013-IIS","Almacén","Almacén",324.72,327.40,2991,0.48,2.98,1.45,49.43,21.61
"Tucuman","2013-11",2013,11,120,"2013-IIS","Almacén-ConHarina","Almacén",142.12,144.20,542,0.21,2.38,0.51,76.22,12.37
"Tucuman","2013-11",2013,11,130,"2013-IIS","Almacén-SinHarina","Almacén",182.60,183.20,2449,0.27,3.45,0.94,33.62,9.24
"Tucuman","2013-11",2013,11,200,"2013-IIS","Verdulería","Verdulería",121.40,123.40,948,0.17,1.06,0.19,32.54,5.99
"Tucuman","2013-11",2013,11,300,"2013-IIS","Carnicería","Carnicería",228.46,228.37,585,0.33,7.07,2.32,21.52,8.14
"Chaco","2013-12",2013,12,1,"2013-IIS","CBA","total",696.42,706.15,3142,1.00,6.32,6.32,34.35,34.35
"Chaco","2013-12",2013,12,100,"2013-IIS","Almacén","Almacén",339.58,344.62,2074,0.48,3.62,1.81,58.26,24.12
"Chaco","2013-12",2013,12,120,"2013-IIS","Almacén-ConHarina","Almacén",148.09,151.20,415,0.21,3.85,0.83,104.15,14.57
"Chaco","2013-12",2013,12,130,"2013-IIS","Almacén-SinHarina","Almacén",191.48,193.42,1659,0.27,3.45,0.97,34.83,9.54
"Chaco","2013-12",2013,12,200,"2013-IIS","Verdulería","Verdulería",133.86,133.58,635,0.19,11.21,2.06,6.19,1.50
"Chaco","2013-12",2013,12,300,"2013-IIS","Carnicería","Carnicería",222.97,227.94,433,0.32,7.76,2.45,25.46,8.73
"Conurbano","2013-12",2013,12,1,"2013-IIS","CBA","total",739.09,734.68,6483,1.00,3.68,3.68,34.69,34.69
"Conurbano","2013-12",2013,12,100,"2013-IIS","Almacén","Almacén",366.99,364.43,4293,0.49,1.04,0.53,52.52,23.03
"Conurbano","2013-12",2013,12,120,"2013-IIS","Almacén-ConHarina","Almacén",176.40,170.37,800,0.23,-0.91,-0.22,83.32,14.61
"Conurbano","2013-12",2013,12,130,"2013-IIS","Almacén-SinHarina","Almacén",190.58,194.05,3493,0.25,2.92,0.76,32.00,8.42
"Conurbano","2013-12",2013,12,200,"2013-IIS","Verdulería","Verdulería",131.88,132.20,1321,0.17,4.38,0.77,18.38,3.73
"Conurbano","2013-12",2013,12,300,"2013-IIS","Carnicería","Carnicería",240.21,238.05,869,0.32,7.58,2.37,22.11,7.92
"Corrientes","2013-12",2013,12,1,"2013-IIS","CBA","total",672.67,676.01,3038,1.00,3.19,3.19,,
"Corrientes","2013-12",2013,12,100,"2013-IIS","Almacén","Almacén",328.27,331.11,2153,0.48,0.37,0.18,,
"Corrientes","2013-12",2013,12,120,"2013-IIS","Almacén-ConHarina","Almacén",134.49,136.84,421,0.19,1.35,0.27,,
"Corrientes","2013-12",2013,12,130,"2013-IIS","Almacén-SinHarina","Almacén",193.78,194.27,1732,0.28,-0.28,-0.08,,
"Corrientes","2013-12",2013,12,200,"2013-IIS","Verdulería","Verdulería",128.07,129.62,550,0.19,0.93,0.18,,
"Corrientes","2013-12",2013,12,300,"2013-IIS","Carnicería","Carnicería",216.31,215.27,335,0.32,9.30,2.82,,
"Mar del Plata","2013-12",2013,12,1,"2013-IIS","CBA","total",667.09,670.62,4744,1.00,3.51,3.51,32.53,32.53
"Mar del Plata","2013-12",2013,12,100,"2013-IIS","Almacén","Almacén",331.72,332.88,3345,0.49,2.88,1.44,56.53,23.80
"Mar del Plata","2013-12",2013,12,120,"2013-IIS","Almacén-ConHarina","Almacén",152.23,151.61,614,0.22,0.76,0.17,96.16,14.82
"Mar del Plata","2013-12",2013,12,130,"2013-IIS","Almacén-SinHarina","Almacén",179.48,181.27,2731,0.26,4.74,1.26,33.64,8.97
"Mar del Plata","2013-12",2013,12,200,"2013-IIS","Verdulería","Verdulería",120.70,123.69,917,0.18,5.15,0.91,12.49,2.66
"Mar del Plata","2013-12",2013,12,300,"2013-IIS","Carnicería","Carnicería",214.66,214.04,482,0.32,3.59,1.15,16.57,6.06
"Salta","2013-12",2013,12,1,"2013-IIS","CBA","total",726.03,727.50,4976,1.00,2.44,2.44,42.24,42.24
"Salta","2013-12",2013,12,100,"2013-IIS","Almacén","Almacén",335.04,333.10,3845,0.46,-0.96,-0.45,58.96,24.34
"Salta","2013-12",2013,12,120,"2013-IIS","Almacén-ConHarina","Almacén",174.89,169.79,665,0.24,0.19,0.04,106.58,17.67
"Salta","2013-12",2013,12,130,"2013-IIS","Almacén-SinHarina","Almacén",160.14,163.30,3180,0.22,-2.19,-0.50,26.99,6.66
"Salta","2013-12",2013,12,200,"2013-IIS","Verdulería","Verdulería",130.39,131.25,691,0.17,3.10,0.55,39.14,7.18
"Salta","2013-12",2013,12,300,"2013-IIS","Carnicería","Carnicería",260.59,263.14,440,0.35,6.82,2.35,26.54,10.71
"Tucuman","2013-12",2013,12,1,"2013-IIS","CBA","total",704.57,713.79,4226,1.00,4.44,4.44,36.20,36.20
"Tucuman","2013-12",2013,12,100,"2013-IIS","Almacén","Almacén",333.24,336.04,2751,0.47,2.62,1.26,53.48,22.45
"Tucuman","2013-12",2013,12,120,"2013-IIS","Almacén-ConHarina","Almacén",141.63,146.18,499,0.20,-0.34,-0.07,76.42,11.86
"Tucuman","2013-12",2013,12,130,"2013-IIS","Almacén-SinHarina","Almacén",191.61,189.85,2252,0.27,4.93,1.33,40.03,10.59
"Tucuman","2013-12",2013,12,200,"2013-IIS","Verdulería","Verdulería",119.74,125.45,902,0.16,-1.36,-0.24,11.25,2.34
"Tucuman","2013-12",2013,12,300,"2013-IIS","Carnicería","Carnicería",251.58,252.30,573,0.35,10.12,3.42,30.67,11.41
"Chaco","2014-1",2014,1,1,"2014-IS","CBA","total",688.70,703.86,3703,0.96,-1.10,-1.10,31.11,31.11
"Chaco","2014-1",2014,1,100,"2014-IS","Almacén","Almacén",320.56,328.92,2436,0.45,-5.59,-2.73,39.78,17.37
"Chaco","2014-1",2014,1,120,"2014-IS","Almacén-ConHarina","Almacén",127.56,132.17,412,0.17,-13.86,-2.94,57.94,8.90
"Chaco","2014-1",2014,1,130,"2014-IS","Almacén-SinHarina","Almacén",193.00,196.75,2024,0.27,0.79,0.21,29.91,8.46
"Chaco","2014-1",2014,1,200,"2014-IS","Verdulería","Verdulería",133.20,136.43,734,0.18,-0.49,-0.09,20.03,4.23
"Chaco","2014-1",2014,1,300,"2014-IS","Carnicería","Carnicería",234.92,238.49,533,0.33,5.36,1.71,27.01,9.51
"Conurbano","2014-1",2014,1,1,"2014-IS","CBA","total",764.07,767.40,6218,1.00,3.37,3.37,38.72,38.72
"Conurbano","2014-1",2014,1,100,"2014-IS","Almacén","Almacén",387.78,383.78,4110,0.50,5.66,2.81,55.07,25.00
"Conurbano","2014-1",2014,1,120,"2014-IS","Almacén-ConHarina","Almacén",182.64,177.38,749,0.23,3.53,0.84,78.17,14.54
"Conurbano","2014-1",2014,1,130,"2014-IS","Almacén-SinHarina","Almacén",205.14,206.39,3361,0.26,7.64,1.97,39.03,10.45
"Conurbano","2014-1",2014,1,200,"2014-IS","Verdulería","Verdulería",133.04,140.01,1245,0.17,0.88,0.15,27.81,5.25
"Conurbano","2014-1",2014,1,300,"2014-IS","Carnicería","Carnicería",243.23,243.60,863,0.31,1.25,0.40,23.69,8.45
"Corrientes","2014-1",2014,1,1,"2014-IS","CBA","total",677.24,682.02,3182,1.00,0.67,0.67,,
"Corrientes","2014-1",2014,1,100,"2014-IS","Almacén","Almacén",333.54,337.59,2270,0.49,1.60,0.78,,
"Corrientes","2014-1",2014,1,120,"2014-IS","Almacén-ConHarina","Almacén",133.47,135.93,453,0.19,-0.75,-0.15,,
"Corrientes","2014-1",2014,1,130,"2014-IS","Almacén-SinHarina","Almacén",200.07,201.66,1817,0.29,3.24,0.93,,
"Corrientes","2014-1",2014,1,200,"2014-IS","Verdulería","Verdulería",131.38,132.55,569,0.19,2.57,0.49,,
"Corrientes","2014-1",2014,1,300,"2014-IS","Carnicería","Carnicería",212.31,211.87,343,0.31,-1.84,-0.59,,
"Mar del Plata","2014-1",2014,1,1,"2014-IS","CBA","total",678.85,681.53,4481,1.00,1.76,1.76,31.83,31.83
"Mar del Plata","2014-1",2014,1,100,"2014-IS","Almacén","Almacén",328.24,331.98,3213,0.48,-1.04,-0.52,44.94,19.76
"Mar del Plata","2014-1",2014,1,120,"2014-IS","Almacén-ConHarina","Almacén",145.79,149.41,595,0.21,-4.23,-0.96,69.62,11.62
"Mar del Plata","2014-1",2014,1,130,"2014-IS","Almacén-SinHarina","Almacén",182.45,182.57,2618,0.26,1.65,0.44,29.84,8.14
"Mar del Plata","2014-1",2014,1,200,"2014-IS","Verdulería","Verdulería",123.13,123.86,850,0.18,2.01,0.36,23.45,4.54
"Mar del Plata","2014-1",2014,1,300,"2014-IS","Carnicería","Carnicería",227.46,225.68,418,0.33,5.96,1.91,20.52,7.52
"Salta","2014-1",2014,1,1,"2014-IS","CBA","total",754.57,757.55,2862,1.00,3.93,3.93,45.86,45.86
"Salta","2014-1",2014,1,100,"2014-IS","Almacén","Almacén",355.32,355.26,2322,0.47,6.05,2.79,68.65,27.95
"Salta","2014-1",2014,1,120,"2014-IS","Almacén-ConHarina","Almacén",185.36,183.40,424,0.24,5.98,1.44,124.33,19.85
"Salta","2014-1",2014,1,130,"2014-IS","Almacén-SinHarina","Almacén",169.95,171.85,1898,0.22,6.12,1.35,32.72,8.09
"Salta","2014-1",2014,1,200,"2014-IS","Verdulería","Verdulería",128.66,132.72,336,0.17,-1.32,-0.23,34.30,6.35
"Salta","2014-1",2014,1,300,"2014-IS","Carnicería","Carnicería",270.58,269.56,204,0.35,3.83,1.37,28.34,11.55
"Tucuman","2014-1",2014,1,1,"2014-IS","CBA","total",730.02,731.03,4080,1.00,3.61,3.61,39.53,39.53
"Tucuman","2014-1",2014,1,100,"2014-IS","Almacén","Almacén",343.72,344.55,2710,0.47,3.14,1.48,51.18,22.24
"Tucuman","2014-1",2014,1,120,"2014-IS","Almacén-ConHarina","Almacén",147.87,147.98,489,0.20,4.40,0.88,74.69,12.08
"Tucuman","2014-1",2014,1,130,"2014-IS","Almacén-SinHarina","Almacén",195.85,196.57,2221,0.26,2.21,0.60,37.23,10.15
"Tucuman","2014-1",2014,1,200,"2014-IS","Verdulería","Verdulería",118.77,119.59,843,0.16,-0.81,-0.13,14.82,2.93
"Tucuman","2014-1",2014,1,300,"2014-IS","Carnicería","Carnicería",267.52,266.87,527,0.36,6.33,2.26,39.04,14.35
"Chaco","2014-2",2014,2,1,"2014-IS","CBA","total",774.37,789.29,4071,1.00,12.44,12.04,46.94,46.94
"Chaco","2014-2",2014,2,100,"2014-IS","Almacén","Almacén",379.68,380.72,2778,0.49,18.44,8.31,62.18,27.62
"Chaco","2014-2",2014,2,120,"2014-IS","Almacén-ConHarina","Almacén",156.36,156.87,532,0.20,22.57,4.05,87.41,13.83
"Chaco","2014-2",2014,2,130,"2014-IS","Almacén-SinHarina","Almacén",223.32,223.85,2246,0.28,15.70,4.26,48.21,13.78
"Chaco","2014-2",2014,2,200,"2014-IS","Verdulería","Verdulería",145.14,151.71,772,0.18,8.96,1.67,40.00,7.86
"Chaco","2014-2",2014,2,300,"2014-IS","Carnicería","Carnicería",249.54,256.85,521,0.32,6.22,2.05,31.89,11.45
"Conurbano","2014-2",2014,2,1,"2014-IS","CBA","total",835.03,832.33,6300,1.00,9.28,9.28,46.12,46.12
"Conurbano","2014-2",2014,2,100,"2014-IS","Almacén","Almacén",397.70,400.75,4370,0.47,2.55,1.29,55.70,24.89
"Conurbano","2014-2",2014,2,120,"2014-IS","Almacén-ConHarina","Almacén",181.66,179.78,798,0.21,-0.53,-0.12,81.63,14.28
"Conurbano","2014-2",2014,2,130,"2014-IS","Almacén-SinHarina","Almacén",216.04,220.96,3572,0.25,5.30,1.42,39.01,10.61
"Conurbano","2014-2",2014,2,200,"2014-IS","Verdulería","Verdulería",156.00,155.79,1139,0.18,17.25,3.00,38.47,7.58
"Conurbano","2014-2",2014,2,300,"2014-IS","Carnicería","Carnicería",281.31,275.78,791,0.33,15.65,4.98,38.33,13.64
"Corrientes","2014-2",2014,2,1,"2014-IS","CBA","total",752.04,756.77,2967,1.00,0.00,0.00,,
"Corrientes","2014-2",2014,2,100,"2014-IS","Almacén","Almacén",367.75,368.58,2095,0.48,15.38,9.06833626616459e-03,,
"Corrientes","2014-2",2014,2,120,"2014-IS","Almacén-ConHarina","Almacén",140.10,142.21,407,0.18,10.00,0.15,,
"Corrientes","2014-2",2014,2,130,"2014-IS","Almacén-SinHarina","Almacén",227.65,226.37,1688,0.30,4.00,0.03,,
"Corrientes","2014-2",2014,2,200,"2014-IS","Verdulería","Verdulería",155.87,155.25,560,0.20,7.50,6.8012521660421e-03,,
"Corrientes","2014-2",2014,2,300,"2014-IS","Carnicería","Carnicería",228.42,232.93,312,0.30,-9.09,-0.03,,
"Salta","2014-2",2014,2,1,"2014-IS","CBA","total",835.56,851.07,4030,1.00,9.09,0.11,55.66,55.66
"Salta","2014-2",2014,2,100,"2014-IS","Almacén","Almacén",377.27,382.00,3171,0.45,2.12,0.03,65.75,27.88
"Salta","2014-2",2014,2,120,"2014-IS","Almacén-ConHarina","Almacén",179.41,180.05,484,0.21,0.00,0.00,87.40,15.58
"Salta","2014-2",2014,2,130,"2014-IS","Almacén-SinHarina","Almacén",197.85,201.94,2687,0.23,0.00,0.00,50.03,12.29
"Salta","2014-2",2014,2,200,"2014-IS","Verdulería","Verdulería",134.99,135.69,582,0.16,0.00,0.00,41.67,7.39
"Salta","2014-2",2014,2,300,"2014-IS","Carnicería","Carnicería",323.29,333.37,277,0.38,0.00,0.00,51.16,20.38
"Tucuman","2014-2",2014,2,1,"2014-IS","CBA","total",812.24,817.04,4246,1.00,6.16,0.02,55.18,55.18
"Tucuman","2014-2",2014,2,100,"2014-IS","Almacén","Almacén",372.79,374.60,2782,0.45,-6.66,-0.03,61.09,27.00
"Tucuman","2014-2",2014,2,120,"2014-IS","Almacén-ConHarina","Almacén",154.32,156.30,515,0.18,4.00,2.41958722472191e-03,81.15,13.20
"Tucuman","2014-2",2014,2,130,"2014-IS","Almacén-SinHarina","Almacén",218.47,218.30,2267,0.26,0.00,0.00,49.39,13.80
"Tucuman","2014-2",2014,2,200,"2014-IS","Verdulería","Verdulería",133.79,136.37,894,0.16,10.00,0.11,39.67,7.26
"Tucuman","2014-2",2014,2,300,"2014-IS","Carnicería","Carnicería",305.66,306.06,570,0.37,9.68,0.14,55.78,20.91
